Make,Model,Cylinder,Trans as listed in FE Guide (derived from col AA thru AF),CityMPG,HighwayMPG,CombinedMPG,Air Aspir Method,Air Aspiration Method Desc,Transmission,Drive,Drive Desc,Fuel,Fuel Usage Desc - Conventional Fuel,Cost,EPA Calculated Annual Fuel Cost - Conventional Fuel -----  Annual fuel cost error. Please revise Verify. ,Carline Class,Carline Class Desc,Release Date,CityCO2,HighwayCO2,CombinedCO2
Acura,ILX,4,Auto(S5),24,35,28,NA,Naturally Aspirated,Semi-Automatic,F,"2-Wheel Drive, Front",GP,Gasoline (Premium Unleaded Recommended),2050,2050,4,Compact Cars,6/20/2014,367,255,316
Acura,ILX,4,Manual(M6),22,31,25,NA,Naturally Aspirated,Manual,F,"2-Wheel Drive, Front",GP,Gasoline (Premium Unleaded Recommended),2300,2300,4,Compact Cars,6/20/2014,403,284,350
Acura,RLX,6,Auto(S6),20,31,24,NA,Naturally Aspirated,Semi-Automatic,F,"2-Wheel Drive, Front",GP,Gasoline (Premium Unleaded Recommended),2400,2400,5,Midsize Cars,6/3/2014,451,290,378
Acura,MDX 2WD,6,Auto(S6),20,28,23,NA,Naturally Aspirated,Semi-Automatic,F,"2-Wheel Drive, Front",GP,Gasoline (Premium Unleaded Recommended),2500,2500,30,Small SUV 2WD,6/3/2014,448,313,387
Acura,RDX 2WD,6,Auto(S6),20,28,23,NA,Naturally Aspirated,Semi-Automatic,F,"2-Wheel Drive, Front",GP,Gasoline (Premium Unleaded Recommended),2500,2500,30,Small SUV 2WD,4/1/2014,443,315,385
Acura,MDX 4WD,6,Auto(S6),18,27,21,NA,Naturally Aspirated,Semi-Automatic,A,All Wheel Drive,GP,Gasoline (Premium Unleaded Recommended),2700,2700,31,Small SUV 4WD,6/3/2014,485,331,416
Acura,RDX 4WD,6,Auto(S6),19,27,22,NA,Naturally Aspirated,Semi-Automatic,A,All Wheel Drive,GP,Gasoline (Premium Unleaded Recommended),2600,2600,31,Small SUV 4WD,4/1/2014,456,329,399
Aston Martin,V8 Vantage,8,Auto(AM7),14,21,16,NA,Naturally Aspirated,Automated Manual,R,"2-Wheel Drive, Rear",GP,Gasoline (Premium Unleaded Recommended),3550,3550,1,Two Seaters,5/19/2014,654,426,551
Aston Martin,V8 Vantage,8,Manual(M6),13,19,15,NA,Naturally Aspirated,Manual,R,"2-Wheel Drive, Rear",GP,Gasoline (Premium Unleaded Recommended),3800,3800,1,Two Seaters,5/19/2014,680,461,581
Aston Martin,V8 Vantage S,8,Auto(AM7),14,21,16,NA,Naturally Aspirated,Automated Manual,R,"2-Wheel Drive, Rear",GP,Gasoline (Premium Unleaded Recommended),3550,3550,1,Two Seaters,5/19/2014,654,426,551
Aston Martin,V8 Vantage S,8,Manual(M6),13,19,15,NA,Naturally Aspirated,Manual,R,"2-Wheel Drive, Rear",GP,Gasoline (Premium Unleaded Recommended),3800,3800,1,Two Seaters,5/19/2014,680,461,581
Aston Martin,Vantage GT,8,Auto(AM7),14,21,16,NA,Naturally Aspirated,Automated Manual,R,"2-Wheel Drive, Rear",GP,Gasoline (Premium Unleaded Recommended),3550,3550,1,Two Seaters,5/19/2014,654,426,551
Aston Martin,Vantage GT,8,Manual(M6),13,19,15,NA,Naturally Aspirated,Manual,R,"2-Wheel Drive, Rear",GP,Gasoline (Premium Unleaded Recommended),3800,3800,1,Two Seaters,5/19/2014,680,461,581
Aston Martin,DB9,12,Auto(S6),13,19,15,NA,Naturally Aspirated,Semi-Automatic,R,"2-Wheel Drive, Rear",GP,Gasoline (Premium Unleaded Recommended),3800,3800,2,Minicompact Cars,6/3/2014,679,478,588
Audi,R8,8,Auto(AM-S7),14,23,17,NA,Naturally Aspirated,Automated Manual- Selectable (e.g. Automated Manual with paddles),A,All Wheel Drive,GP,Gasoline (Premium Unleaded Recommended),3350,3350,1,Two Seaters,6/9/2014,656,394,538
Audi,R8,8,Manual(M6),11,20,14,NA,Naturally Aspirated,Manual,A,All Wheel Drive,GP,Gasoline (Premium Unleaded Recommended),4050,4050,1,Two Seaters,6/9/2014,772,439,622
Audi,R8,10,Auto(AM-S7),13,22,16,NA,Naturally Aspirated,Automated Manual- Selectable (e.g. Automated Manual with paddles),A,All Wheel Drive,GP,Gasoline (Premium Unleaded Recommended),3550,3550,1,Two Seaters,6/9/2014,686,400,557
Audi,R8,10,Manual(M6),12,19,14,NA,Naturally Aspirated,Manual,A,All Wheel Drive,GP,Gasoline (Premium Unleaded Recommended),4050,4050,1,Two Seaters,6/9/2014,753,454,618
Audi,R8 Spyder,8,Auto(AM-S7),14,23,17,NA,Naturally Aspirated,Automated Manual- Selectable (e.g. Automated Manual with paddles),A,All Wheel Drive,GP,Gasoline (Premium Unleaded Recommended),3350,3350,1,Two Seaters,6/9/2014,656,394,538
Audi,R8 Spyder,8,Manual(M6),11,20,14,NA,Naturally Aspirated,Manual,A,All Wheel Drive,GP,Gasoline (Premium Unleaded Recommended),4050,4050,1,Two Seaters,6/9/2014,772,439,622
Audi,R8 Spyder,10,Auto(AM-S7),13,22,16,NA,Naturally Aspirated,Automated Manual- Selectable (e.g. Automated Manual with paddles),A,All Wheel Drive,GP,Gasoline (Premium Unleaded Recommended),3550,3550,1,Two Seaters,6/9/2014,686,400,557
Audi,R8 Spyder,10,Manual(M6),12,19,14,NA,Naturally Aspirated,Manual,A,All Wheel Drive,GP,Gasoline (Premium Unleaded Recommended),4050,4050,1,Two Seaters,6/9/2014,753,454,618
Audi,TT Roadster quattro,4,Auto(AM-S6),22,31,26,TC,Turbocharged,Automated Manual- Selectable (e.g. Automated Manual with paddles),A,All Wheel Drive,GP,Gasoline (Premium Unleaded Recommended),2200,2200,1,Two Seaters,1/15/2014,395,284,345
Audi,A3,4,Auto(AM-S6),23,33,27,TC,Turbocharged,Automated Manual- Selectable (e.g. Automated Manual with paddles),F,"2-Wheel Drive, Front",GP,Gasoline (Premium Unleaded Recommended),2100,2100,3,Subcompact Cars,2/25/2014,379,267,328
Audi,A3 Cabriolet,4,Auto(AM-S6),24,35,28,TC,Turbocharged,Automated Manual- Selectable (e.g. Automated Manual with paddles),F,"2-Wheel Drive, Front",GP,Gasoline (Premium Unleaded Recommended),2050,2050,3,Subcompact Cars,6/2/2014,362,256,314
Audi,A3 Cabriolet quattro,4,Auto(AM-S6),23,32,26,TC,Turbocharged,Automated Manual- Selectable (e.g. Automated Manual with paddles),A,All Wheel Drive,GP,Gasoline (Premium Unleaded Recommended),2200,2200,3,Subcompact Cars,6/2/2014,379,280,334
Audi,A3 quattro,4,Auto(AM-S6),24,33,27,TC,Turbocharged,Automated Manual- Selectable (e.g. Automated Manual with paddles),A,All Wheel Drive,GP,Gasoline (Premium Unleaded Recommended),2100,2100,3,Subcompact Cars,1/15/2014,366,271,323
Audi,A5 Cabriolet quattro,4,Auto(S8),20,28,23,TC,Turbocharged,Semi-Automatic,A,All Wheel Drive,GP,Gasoline (Premium Unleaded Recommended),2500,2500,3,Subcompact Cars,6/9/2014,446,314,386
Audi,A5 quattro,4,Auto(S8),22,31,25,TC,Turbocharged,Semi-Automatic,A,All Wheel Drive,GP,Gasoline (Premium Unleaded Recommended),2300,2300,3,Subcompact Cars,6/9/2014,410,290,356
Audi,A5 quattro,4,Manual(M6),22,32,26,TC,Turbocharged,Manual,A,All Wheel Drive,GP,Gasoline (Premium Unleaded Recommended),2200,2200,3,Subcompact Cars,6/9/2014,398,277,343
Audi,RS5,8,Auto(AM-S7),16,23,18,NA,Naturally Aspirated,Automated Manual- Selectable (e.g. Automated Manual with paddles),A,All Wheel Drive,GP,Gasoline (Premium Unleaded Recommended),3150,3150,3,Subcompact Cars,6/9/2014,562,379,480
Audi,RS5 Cabriolet,8,Auto(AM-S7),16,22,18,NA,Naturally Aspirated,Automated Manual- Selectable (e.g. Automated Manual with paddles),A,All Wheel Drive,GP,Gasoline (Premium Unleaded Recommended),3150,3150,3,Subcompact Cars,6/9/2014,558,398,486
Audi,S5,6,Auto(AM-S7),18,28,21,SC,Supercharged,Automated Manual- Selectable (e.g. Automated Manual with paddles),A,All Wheel Drive,GP,Gasoline (Premium Unleaded Recommended),2700,2700,3,Subcompact Cars,6/9/2014,488,321,413
Audi,S5,6,Manual(M6),17,26,20,SC,Supercharged,Manual,A,All Wheel Drive,GP,Gasoline (Premium Unleaded Recommended),2850,2850,3,Subcompact Cars,6/9/2014,519,341,439
Audi,S5 Cabriolet,6,Auto(AM-S7),18,26,21,SC,Supercharged,Automated Manual- Selectable (e.g. Automated Manual with paddles),A,All Wheel Drive,GP,Gasoline (Premium Unleaded Recommended),2700,2700,3,Subcompact Cars,6/9/2014,500,341,428
Audi,TT Coupe quattro,4,Auto(AM-S6),22,31,26,TC,Turbocharged,Automated Manual- Selectable (e.g. Automated Manual with paddles),A,All Wheel Drive,GP,Gasoline (Premium Unleaded Recommended),2200,2200,3,Subcompact Cars,1/15/2014,395,284,345
Audi,A4,4,Auto(AV-S8),24,32,27,TC,Turbocharged,Selectable Continuously Variable (e.g. CVT with paddles),F,"2-Wheel Drive, Front",GP,Gasoline (Premium Unleaded Recommended),2100,2100,4,Compact Cars,6/9/2014,374,280,332
Audi,A4 quattro,4,Auto(S8),22,31,25,TC,Turbocharged,Semi-Automatic,A,All Wheel Drive,GP,Gasoline (Premium Unleaded Recommended),2300,2300,4,Compact Cars,6/9/2014,410,290,356
Audi,A4 quattro,4,Manual(M6),22,32,26,TC,Turbocharged,Manual,A,All Wheel Drive,GP,Gasoline (Premium Unleaded Recommended),2200,2200,4,Compact Cars,6/9/2014,398,277,343
Audi,S4,6,Auto(AM-S7),18,28,21,SC,Supercharged,Automated Manual- Selectable (e.g. Automated Manual with paddles),A,All Wheel Drive,GP,Gasoline (Premium Unleaded Recommended),2700,2700,4,Compact Cars,6/9/2014,488,321,413
Audi,S4,6,Manual(M6),17,26,20,SC,Supercharged,Manual,A,All Wheel Drive,GP,Gasoline (Premium Unleaded Recommended),2850,2850,4,Compact Cars,6/9/2014,519,341,439
Audi,A6,4,Auto(AV-S8),25,33,28,TC,Turbocharged,Selectable Continuously Variable (e.g. CVT with paddles),F,"2-Wheel Drive, Front",GP,Gasoline (Premium Unleaded Recommended),2050,2050,5,Midsize Cars,6/9/2014,360,272,320
Audi,A6 quattro,4,Auto(S8),20,29,23,TC,Turbocharged,Semi-Automatic,A,All Wheel Drive,GP,Gasoline (Premium Unleaded Recommended),2500,2500,5,Midsize Cars,6/9/2014,452,306,386
Audi,A6 quattro,6,Auto(S8),18,27,22,SC,Supercharged,Semi-Automatic,A,All Wheel Drive,GP,Gasoline (Premium Unleaded Recommended),2600,2600,5,Midsize Cars,6/9/2014,482,326,412
Audi,A6 quattro,6,Auto(S8),24,38,29,TC,Turbocharged,Semi-Automatic,A,All Wheel Drive,DU,"Diesel, ultra low sulfur (15 ppm, maximum)",1950,1950,5,Midsize Cars,6/10/2014,416,267,349
Audi,A7 quattro,6,Auto(S8),18,28,21,SC,Supercharged,Semi-Automatic,A,All Wheel Drive,GP,Gasoline (Premium Unleaded Recommended),2700,2700,5,Midsize Cars,6/9/2014,493,321,416
Audi,A7 quattro,6,Auto(S8),24,38,29,TC,Turbocharged,Semi-Automatic,A,All Wheel Drive,DU,"Diesel, ultra low sulfur (15 ppm, maximum)",1950,1950,5,Midsize Cars,6/10/2014,416,267,349
Audi,A8,6,Auto(S8),19,29,22,SC,Supercharged,Semi-Automatic,A,All Wheel Drive,GP,Gasoline (Premium Unleaded Recommended),2600,2600,5,Midsize Cars,5/15/2014,473,303,397
Audi,A8,8,Auto(S8),18,30,22,TC,Turbocharged,Semi-Automatic,A,All Wheel Drive,GP,Gasoline (Premium Unleaded Recommended),2600,2600,5,Midsize Cars,5/15/2014,484,299,401
Audi,RS7,8,Auto(S8),16,27,19,TC,Turbocharged,Semi-Automatic,A,All Wheel Drive,GP,Gasoline (Premium Unleaded Recommended),3000,3000,5,Midsize Cars,6/2/2014,573,336,466
Audi,S6,8,Auto(AM-S7),17,27,20,TC,Turbocharged,Automated Manual- Selectable (e.g. Automated Manual with paddles),A,All Wheel Drive,GP,Gasoline (Premium Unleaded Recommended),2850,2850,5,Midsize Cars,6/2/2014,531,330,441
Audi,S7,8,Auto(AM-S7),17,27,20,TC,Turbocharged,Automated Manual- Selectable (e.g. Automated Manual with paddles),A,All Wheel Drive,GP,Gasoline (Premium Unleaded Recommended),2850,2850,5,Midsize Cars,6/2/2014,531,330,441
Audi,S8,8,Auto(S8),17,27,20,TC,Turbocharged,Semi-Automatic,A,All Wheel Drive,GP,Gasoline (Premium Unleaded Recommended),2850,2850,5,Midsize Cars,5/15/2014,534,331,442
Audi,A8L,6,Auto(S8),24,36,28,TC,Turbocharged,Semi-Automatic,A,All Wheel Drive,DU,"Diesel, ultra low sulfur (15 ppm, maximum)",2000,2000,6,Large Cars,5/15/2014,426,280,360
Audi,A8L,6,Auto(S8),19,29,22,SC,Supercharged,Semi-Automatic,A,All Wheel Drive,GP,Gasoline (Premium Unleaded Recommended),2600,2600,6,Large Cars,5/15/2014,473,303,397
Audi,A8L,8,Auto(S8),18,29,22,TC,Turbocharged,Semi-Automatic,A,All Wheel Drive,GP,Gasoline (Premium Unleaded Recommended),2600,2600,6,Large Cars,5/15/2014,492,310,410
Audi,A8L,12,Auto(S8),14,22,17,NA,Naturally Aspirated,Semi-Automatic,A,All Wheel Drive,GP,Gasoline (Premium Unleaded Recommended),3350,3350,6,Large Cars,5/15/2014,640,403,534
Audi,allroad quattro,4,Auto(S8),21,28,24,TC,Turbocharged,Semi-Automatic,A,All Wheel Drive,GP,Gasoline (Premium Unleaded Recommended),2400,2400,7,Small Station Wagons,6/9/2014,421,315,373
Audi,Q5,4,Auto(S8),20,28,23,TC,Turbocharged,Semi-Automatic,A,All Wheel Drive,GP,Gasoline (Premium Unleaded Recommended),2500,2500,31,Small SUV 4WD,6/9/2014,452,322,393
Audi,Q5,6,Auto(S8),18,26,21,SC,Supercharged,Semi-Automatic,A,All Wheel Drive,GP,Gasoline (Premium Unleaded Recommended),2700,2700,31,Small SUV 4WD,6/9/2014,496,347,429
Audi,Q5,6,Auto(S8),24,31,27,TC,Turbocharged,Semi-Automatic,A,All Wheel Drive,DU,"Diesel, ultra low sulfur (15 ppm, maximum)",2100,2100,31,Small SUV 4WD,6/10/2014,430,328,385
Audi,Q5 Hybrid,4,Auto(S8),24,30,26,TC,Turbocharged,Semi-Automatic,A,All Wheel Drive,GP,Gasoline (Premium Unleaded Recommended),2200,2200,31,Small SUV 4WD,6/9/2014,369,298,337
Audi,SQ5,6,Auto(S8),17,24,19,SC,Supercharged,Semi-Automatic,A,All Wheel Drive,GP,Gasoline (Premium Unleaded Recommended),3000,3000,31,Small SUV 4WD,6/9/2014,528,373,458
Audi,Q7,6,Auto(S8),19,28,22,TC,Turbocharged,Semi-Automatic,A,All Wheel Drive,DU,"Diesel, ultra low sulfur (15 ppm, maximum)",2550,2550,33,Standard SUV 4WD,6/2/2014,541,369,464
Audi,Q7,6,Auto(S8),16,22,18,SC,Supercharged,Semi-Automatic,A,All Wheel Drive,GP,Gasoline (Premium Unleaded Recommended),3150,3150,33,Standard SUV 4WD,6/9/2014,570,409,498
Bentley,Continental GT Convertible,8,Auto(S8),14,24,17,TC,Turbocharged,Semi-Automatic,A,All Wheel Drive,GP,Gasoline (Premium Unleaded Recommended),3350,3350,3,Subcompact Cars,3/28/2014,638,370,517
Bentley,Continental GT Convertible,12,Auto(S8),12,20,15,TC,Turbocharged,Semi-Automatic,A,All Wheel Drive,GP,Gasoline (Premium Unleaded Recommended),3800,3800,3,Subcompact Cars,5/15/2014,736,443,604
Bentley,Continental GT,8,Auto(S8),15,25,19,TC,Turbocharged,Semi-Automatic,A,All Wheel Drive,GP,Gasoline (Premium Unleaded Recommended),3000,3000,4,Compact Cars,3/28/2014,580,347,475
Bentley,Continental GT,12,Auto(S8),12,21,15,TC,Turbocharged,Semi-Automatic,A,All Wheel Drive,GP,Gasoline (Premium Unleaded Recommended),3800,3800,4,Compact Cars,5/15/2014,710,421,580
Bentley,Flying Spur,8,Auto(S8),14,24,17,TC,Turbocharged,Semi-Automatic,A,All Wheel Drive,GP,Gasoline (Premium Unleaded Recommended),3350,3350,5,Midsize Cars,3/28/2014,638,370,517
Bentley,Flying Spur,12,Auto(S8),12,20,15,TC,Turbocharged,Semi-Automatic,A,All Wheel Drive,GP,Gasoline (Premium Unleaded Recommended),3800,3800,5,Midsize Cars,5/15/2014,736,443,604
Bentley,Mulsanne,8,Auto(S8),11,18,13,TC,Turbocharged,Semi-Automatic,R,"2-Wheel Drive, Rear",GP,Gasoline (Premium Unleaded Recommended),4400,4400,5,Midsize Cars,5/1/2014,840,501,688
BMW,Z4 sDrive28i,4,Auto(S8),22,33,26,TC,Turbocharged,Semi-Automatic,R,"2-Wheel Drive, Rear",GP,Gasoline (Premium Unleaded Recommended),2200,2200,1,Two Seaters,3/26/2014,403,266,341
BMW,Z4 sDrive28i,4,Manual(M6),22,34,26,TC,Turbocharged,Manual,R,"2-Wheel Drive, Rear",GP,Gasoline (Premium Unleaded Recommended),2200,2200,1,Two Seaters,3/26/2014,400,259,337
BMW,Z4 sDrive35i,6,Auto(AM-S7),17,24,20,TC,Turbocharged,Automated Manual- Selectable (e.g. Automated Manual with paddles),R,"2-Wheel Drive, Rear",GP,Gasoline (Premium Unleaded Recommended),2850,2850,1,Two Seaters,4/1/2014,518,376,454
BMW,Z4 sDrive35i,6,Manual(M6),19,26,21,TC,Turbocharged,Manual,R,"2-Wheel Drive, Rear",GP,Gasoline (Premium Unleaded Recommended),2700,2700,1,Two Seaters,4/1/2014,476,340,415
BMW,Z4 sDrive35is,6,Auto(AM-S7),17,24,20,TC,Turbocharged,Automated Manual- Selectable (e.g. Automated Manual with paddles),R,"2-Wheel Drive, Rear",GP,Gasoline (Premium Unleaded Recommended),2850,2850,1,Two Seaters,4/1/2014,518,376,454
BMW,428i Convertible,4,Auto(S8),23,34,27,TC,Turbocharged,Semi-Automatic,R,"2-Wheel Drive, Rear",GP,Gasoline (Premium Unleaded Recommended),2100,2100,3,Subcompact Cars,4/4/2014,391,265,334
BMW,640i Convertible,6,Auto(S8),20,31,24,TC,Turbocharged,Semi-Automatic,R,"2-Wheel Drive, Rear",GP,Gasoline (Premium Unleaded Recommended),2400,2400,3,Subcompact Cars,4/10/2014,443,288,374
BMW,640i Coupe,6,Auto(S8),21,32,25,TC,Turbocharged,Semi-Automatic,R,"2-Wheel Drive, Rear",GP,Gasoline (Premium Unleaded Recommended),2300,2300,3,Subcompact Cars,4/9/2014,423,278,358
BMW,640i xDrive Convertible,6,Auto(S8),20,29,23,TC,Turbocharged,Semi-Automatic,A,All Wheel Drive,GP,Gasoline (Premium Unleaded Recommended),2500,2500,3,Subcompact Cars,4/10/2014,448,302,382
BMW,640i xDrive Coupe,6,Auto(S8),20,29,23,TC,Turbocharged,Semi-Automatic,A,All Wheel Drive,GP,Gasoline (Premium Unleaded Recommended),2500,2500,3,Subcompact Cars,4/10/2014,448,302,382
BMW,650i Convertible,8,Auto(S8),17,25,20,TC,Turbocharged,Semi-Automatic,R,"2-Wheel Drive, Rear",GP,Gasoline (Premium Unleaded Recommended),2850,2850,3,Subcompact Cars,4/17/2014,505,360,440
BMW,650i Coupe,8,Auto(S8),17,25,20,TC,Turbocharged,Semi-Automatic,R,"2-Wheel Drive, Rear",GP,Gasoline (Premium Unleaded Recommended),2850,2850,3,Subcompact Cars,4/17/2014,505,360,440
BMW,650i xDrive Convertible,8,Auto(S8),16,24,19,TC,Turbocharged,Semi-Automatic,A,All Wheel Drive,GP,Gasoline (Premium Unleaded Recommended),3000,3000,3,Subcompact Cars,4/17/2014,566,369,477
BMW,650i xDrive Coupe,8,Auto(S8),16,25,19,TC,Turbocharged,Semi-Automatic,A,All Wheel Drive,GP,Gasoline (Premium Unleaded Recommended),3000,3000,3,Subcompact Cars,4/17/2014,543,361,461
BMW,M4 Convertible,6,Manual(M6),17,26,20,TC,Turbocharged,Manual,R,"2-Wheel Drive, Rear",GPR,Gasoline (Premium Unleaded Required),2850,2850,3,Subcompact Cars,6/1/2014,520,340,439
BMW,M6 Convertible,8,Auto(AM-S7),14,20,16,TC,Turbocharged,Automated Manual- Selectable (e.g. Automated Manual with paddles),R,"2-Wheel Drive, Rear",GP,Gasoline (Premium Unleaded Recommended),3550,3550,3,Subcompact Cars,5/9/2014,652,435,554
BMW,M6 Convertible,8,Manual(M6),15,22,17,TC,Turbocharged,Manual,R,"2-Wheel Drive, Rear",GP,Gasoline (Premium Unleaded Recommended),3350,3350,3,Subcompact Cars,5/9/2014,605,409,517
BMW,M6 Coupe,8,Auto(AM-S7),14,20,16,TC,Turbocharged,Automated Manual- Selectable (e.g. Automated Manual with paddles),R,"2-Wheel Drive, Rear",GP,Gasoline (Premium Unleaded Recommended),3550,3550,3,Subcompact Cars,5/9/2014,652,435,554
BMW,M6 Coupe,8,Manual(M6),15,22,17,TC,Turbocharged,Manual,R,"2-Wheel Drive, Rear",GP,Gasoline (Premium Unleaded Recommended),3350,3350,3,Subcompact Cars,5/9/2014,605,409,517
BMW,428i Gran Coupe,4,Auto(S8),23,34,27,TC,Turbocharged,Semi-Automatic,R,"2-Wheel Drive, Rear",GP,Gasoline (Premium Unleaded Recommended),2100,2100,4,Compact Cars,5/1/2014,391,265,334
BMW,428i xDrive Gran Coupe,4,Auto(S8),22,32,26,TC,Turbocharged,Semi-Automatic,A,All Wheel Drive,GP,Gasoline (Premium Unleaded Recommended),2200,2200,4,Compact Cars,6/1/2014,402,273,344
BMW,435i Gran Coupe,6,Auto(S8),21,32,25,TC,Turbocharged,Semi-Automatic,R,"2-Wheel Drive, Rear",GP,Gasoline (Premium Unleaded Recommended),2300,2300,4,Compact Cars,4/10/2014,423,278,358
BMW,435i xDrive Gran Coupe,6,Auto(S8),20,31,24,TC,Turbocharged,Semi-Automatic,A,All Wheel Drive,GP,Gasoline (Premium Unleaded Recommended),2400,2400,4,Compact Cars,6/1/2014,444,292,375
BMW,640i Gran Coupe,6,Auto(S8),20,31,24,TC,Turbocharged,Semi-Automatic,R,"2-Wheel Drive, Rear",GP,Gasoline (Premium Unleaded Recommended),2400,2400,4,Compact Cars,4/10/2014,443,288,374
BMW,640i xDrive Gran Coupe,6,Auto(S8),20,29,23,TC,Turbocharged,Semi-Automatic,A,All Wheel Drive,GP,Gasoline (Premium Unleaded Recommended),2500,2500,4,Compact Cars,4/10/2014,448,302,382
BMW,650i Gran Coupe,8,Auto(S8),17,25,20,TC,Turbocharged,Semi-Automatic,R,"2-Wheel Drive, Rear",GP,Gasoline (Premium Unleaded Recommended),2850,2850,4,Compact Cars,4/17/2014,505,360,440
BMW,650i xDrive Gran Coupe,8,Auto(S8),16,24,19,TC,Turbocharged,Semi-Automatic,A,All Wheel Drive,GP,Gasoline (Premium Unleaded Recommended),3000,3000,4,Compact Cars,4/17/2014,566,369,477
BMW,Alpina B6 Gran Coupe xDrive,8,Auto(S8),16,24,19,TC,Turbocharged,Semi-Automatic,A,All Wheel Drive,GP,Gasoline (Premium Unleaded Recommended),3000,3000,4,Compact Cars,4/17/2014,566,369,477
BMW,M3,6,Auto(AM-S7),17,24,19,TC,Turbocharged,Automated Manual- Selectable (e.g. Automated Manual with paddles),R,"2-Wheel Drive, Rear",GP,Gasoline (Premium Unleaded Recommended),3000,3000,4,Compact Cars,6/1/2014,533,367,459
BMW,M3,6,Manual(M6),17,26,20,TC,Turbocharged,Manual,R,"2-Wheel Drive, Rear",GPR,Gasoline (Premium Unleaded Required),2850,2850,4,Compact Cars,6/1/2014,520,340,439
BMW,M4 Coupe,6,Auto(AM-S7),17,24,19,TC,Turbocharged,Automated Manual- Selectable (e.g. Automated Manual with paddles),R,"2-Wheel Drive, Rear",GP,Gasoline (Premium Unleaded Recommended),3000,3000,4,Compact Cars,6/1/2014,533,367,459
BMW,M4 Coupe,6,Manual(M6),17,26,20,TC,Turbocharged,Manual,R,"2-Wheel Drive, Rear",GPR,Gasoline (Premium Unleaded Required),2850,2850,4,Compact Cars,6/1/2014,520,340,439
BMW,M6 Gran Coupe,8,Auto(AM-S7),14,20,16,TC,Turbocharged,Automated Manual- Selectable (e.g. Automated Manual with paddles),R,"2-Wheel Drive, Rear",GP,Gasoline (Premium Unleaded Recommended),3550,3550,4,Compact Cars,5/9/2014,652,435,554
BMW,M6 Gran Coupe,8,Manual(M6),15,22,17,TC,Turbocharged,Manual,R,"2-Wheel Drive, Rear",GP,Gasoline (Premium Unleaded Recommended),3350,3350,4,Compact Cars,5/9/2014,605,409,517
BMW,528i,4,Auto(S8),23,34,27,TC,Turbocharged,Semi-Automatic,R,"2-Wheel Drive, Rear",GP,Gasoline (Premium Unleaded Recommended),2100,2100,5,Midsize Cars,4/4/2014,391,265,334
BMW,M5,8,Auto(AM-S7),14,20,16,TC,Turbocharged,Automated Manual- Selectable (e.g. Automated Manual with paddles),R,"2-Wheel Drive, Rear",GP,Gasoline (Premium Unleaded Recommended),3550,3550,5,Midsize Cars,6/1/2014,652,435,554
BMW,M5,8,Manual(M6),15,22,17,TC,Turbocharged,Manual,R,"2-Wheel Drive, Rear",GP,Gasoline (Premium Unleaded Recommended),3350,3350,5,Midsize Cars,6/2/2014,605,409,517
BMW,740Ld xDrive,6,Auto(S8),23,31,26,TC,Turbocharged,Semi-Automatic,A,All Wheel Drive,DU,"Diesel, ultra low sulfur (15 ppm, maximum)",2150,2150,6,Large Cars,4/15/2014,436,328,387
BMW,X1 sDrive28i,4,Auto(S8),23,34,27,TC,Turbocharged,Semi-Automatic,R,"2-Wheel Drive, Rear",GP,Gasoline (Premium Unleaded Recommended),2100,2100,6,Large Cars,4/4/2014,391,265,334
BMW,X1 xDrive28i,4,Auto(S8),22,32,26,TC,Turbocharged,Semi-Automatic,A,All Wheel Drive,GP,Gasoline (Premium Unleaded Recommended),2200,2200,6,Large Cars,4/1/2014,403,274,345
BMW,X1 xDrive35i,6,Auto(S6),18,27,21,TC,Turbocharged,Semi-Automatic,A,All Wheel Drive,GP,Gasoline (Premium Unleaded Recommended),2700,2700,6,Large Cars,4/1/2014,496,334,423
BMW,X3 sDrive 28i,4,Auto(S8),21,28,24,TC,Turbocharged,Semi-Automatic,R,"2-Wheel Drive, Rear",GP,Gasoline (Premium Unleaded Recommended),2400,2400,30,Small SUV 2WD,4/1/2014,419,315,372
BMW,X3 xDrive28d,4,Auto(S8),27,34,30,TC,Turbocharged,Semi-Automatic,A,All Wheel Drive,DU,"Diesel, ultra low sulfur (15 ppm, maximum)",1900,1900,31,Small SUV 4WD,4/18/2014,374,299,340
BMW,X3 xDrive28i,4,Auto(S8),21,28,24,TC,Turbocharged,Semi-Automatic,A,All Wheel Drive,GP,Gasoline (Premium Unleaded Recommended),2400,2400,31,Small SUV 4WD,4/1/2014,419,315,372
BMW,X3 xDrive35i,6,Auto(S8),19,26,21,TC,Turbocharged,Semi-Automatic,A,All Wheel Drive,GP,Gasoline (Premium Unleaded Recommended),2700,2700,31,Small SUV 4WD,4/1/2014,473,343,415
BMW,X4 xDrive28i,4,Auto(S8),20,28,23,TC,Turbocharged,Semi-Automatic,A,All Wheel Drive,GP,Gasoline (Premium Unleaded Recommended),2500,2500,31,Small SUV 4WD,6/27/2014,445,313,386
BMW,X4 xDrive35i,6,Auto(S8),19,27,22,TC,Turbocharged,Semi-Automatic,A,All Wheel Drive,GP,Gasoline (Premium Unleaded Recommended),2600,2600,31,Small SUV 4WD,6/26/2014,479,333,413
Bugatti,Veyron,16,Auto(AM-S7),8,15,10,TC,Turbocharged,Automated Manual- Selectable (e.g. Automated Manual with paddles),A,All Wheel Drive,GPR,Gasoline (Premium Unleaded Required),5700,5700,1,Two Seaters,5/23/2014,1050,599,847
Buick,VERANO,4,Auto(S6),21,30,24,TC,Turbocharged,Semi-Automatic,F,"2-Wheel Drive, Front",G,Gasoline (Regular Unleaded Recommended),2200,2200,4,Compact Cars,5/30/2014,431,297,371
Buick,VERANO,4,Manual(M6),20,31,24,TC,Turbocharged,Manual,F,"2-Wheel Drive, Front",G,Gasoline (Regular Unleaded Recommended),2200,2200,4,Compact Cars,5/30/2014,437,286,369
Buick,LACROSSE,4,Auto(S6),25,36,29,NA,Naturally Aspirated,Semi-Automatic,F,"2-Wheel Drive, Front",G,Gasoline (Regular Unleaded Recommended),1800,1800,5,Midsize Cars,5/30/2014,362,246,310
Buick,LACROSSE,6,Auto(S6),18,28,21,NA,Naturally Aspirated,Semi-Automatic,F,"2-Wheel Drive, Front",G,Gasoline (Regular Unleaded Recommended),2500,2500,5,Midsize Cars,5/30/2014,499,318,417
Buick,LACROSSE,6,Auto(S6),18,28,21,NA,Naturally Aspirated,Semi-Automatic,F,"2-Wheel Drive, Front",G,Gasoline (Regular Unleaded Recommended),2500,2500,5,Midsize Cars,5/30/2014,493,317,422
Buick,LACROSSE AWD,6,Auto(S6),17,26,20,NA,Naturally Aspirated,Semi-Automatic,A,All Wheel Drive,G,Gasoline (Regular Unleaded Recommended),2600,2600,5,Midsize Cars,5/30/2014,524,344,443
Buick,REGAL,4,Auto(S6),21,30,24,TC,Turbocharged,Semi-Automatic,F,"2-Wheel Drive, Front",G,Gasoline (Regular Unleaded Recommended),2200,2200,5,Midsize Cars,5/31/2014,431,297,371
Buick,REGAL,4,Manual(M6),20,31,24,TC,Turbocharged,Manual,F,"2-Wheel Drive, Front",G,Gasoline (Regular Unleaded Recommended),2200,2200,5,Midsize Cars,5/31/2014,437,286,369
Buick,REGAL,4,Auto(S6),25,36,29,NA,Naturally Aspirated,Semi-Automatic,F,"2-Wheel Drive, Front",G,Gasoline (Regular Unleaded Recommended),1800,1800,5,Midsize Cars,5/30/2014,362,246,310
Buick,REGAL,4,Auto(S6),19,31,23,NA,Naturally Aspirated,Semi-Automatic,F,"2-Wheel Drive, Front",G,Gasoline (Regular Unleaded Recommended),2300,2300,5,Midsize Cars,6/5/2014,455,285,379
Buick,REGAL AWD,4,Auto(S6),19,27,22,TC,Turbocharged,Semi-Automatic,A,All Wheel Drive,G,Gasoline (Regular Unleaded Recommended),2400,2400,5,Midsize Cars,5/31/2014,468,328,405
Buick,ENCLAVE FWD,6,Auto(A6),17,24,19,NA,Naturally Aspirated,Automatic,F,"2-Wheel Drive, Front",G,Gasoline (Regular Unleaded Recommended),2750,2750,32,Standard SUV 2WD,5/30/2014,538,375,465
Buick,ENCLAVE AWD,6,Auto(A6),16,22,18,NA,Naturally Aspirated,Automatic,A,All Wheel Drive,G,Gasoline (Regular Unleaded Recommended),2900,2900,33,Standard SUV 4WD,5/30/2014,551,404,494
Cadillac,ATS,4,Auto(S6),21,30,24,TC,Turbocharged,Semi-Automatic,R,"2-Wheel Drive, Rear",G,Gasoline (Regular Unleaded Recommended),2200,2200,4,Compact Cars,6/30/2014,419,301,366
Cadillac,ATS,4,Manual(M6),19,30,23,TC,Turbocharged,Manual,R,"2-Wheel Drive, Rear",G,Gasoline (Regular Unleaded Recommended),2300,2300,4,Compact Cars,5/31/2014,459,299,387
Cadillac,ATS,6,Auto(S6),18,28,22,NA,Naturally Aspirated,Semi-Automatic,R,"2-Wheel Drive, Rear",G,Gasoline (Regular Unleaded Recommended),2400,2400,4,Compact Cars,5/31/2014,484,319,410
Cadillac,ATS AWD,4,Auto(S6),20,28,23,TC,Turbocharged,Semi-Automatic,A,All Wheel Drive,G,Gasoline (Regular Unleaded Recommended),2300,2300,4,Compact Cars,6/30/2014,436,321,384
Cadillac,ATS AWD,6,Auto(S6),18,26,21,NA,Naturally Aspirated,Semi-Automatic,A,All Wheel Drive,G,Gasoline (Regular Unleaded Recommended),2500,2500,4,Compact Cars,5/31/2014,483,336,417
Cadillac,CTS,8,Auto(S6),12,18,14,SC,Supercharged,Semi-Automatic,R,"2-Wheel Drive, Rear",GPR,Gasoline (Premium Unleaded Required),4050,4050,5,Midsize Cars,6/6/2014,760,499,643
Cadillac,CTS,8,Manual(M6),14,19,16,SC,Supercharged,Manual,R,"2-Wheel Drive, Rear",GPR,Gasoline (Premium Unleaded Required),3550,3550,5,Midsize Cars,6/6/2014,635,476,564
Cadillac,CTS SEDAN,6,Auto(S8),16,24,18,TC,Turbocharged,Semi-Automatic,R,"2-Wheel Drive, Rear",GPR,Gasoline (Premium Unleaded Required),3150,3150,5,Midsize Cars,6/15/2014,568,374,481
Cadillac,CTS SEDAN,6,Auto(S8),18,29,22,NA,Naturally Aspirated,Semi-Automatic,R,"2-Wheel Drive, Rear",G,Gasoline (Regular Unleaded Recommended),2400,2400,5,Midsize Cars,6/30/2014,483,310,405
Cadillac,CTS SEDAN AWD,6,Auto(S6),18,26,21,NA,Naturally Aspirated,Semi-Automatic,A,All Wheel Drive,G,Gasoline (Regular Unleaded Recommended),2500,2500,5,Midsize Cars,5/31/2014,483,336,417
Cadillac,XTS,6,Auto(S6),18,28,21,NA,Naturally Aspirated,Semi-Automatic,F,"2-Wheel Drive, Front",G,Gasoline (Regular Unleaded Recommended),2500,2500,6,Large Cars,5/30/2014,499,318,417
Cadillac,XTS AWD,6,Auto(S6),16,24,19,TC,Turbocharged,Semi-Automatic,A,All Wheel Drive,G,Gasoline (Regular Unleaded Recommended),2750,2750,6,Large Cars,5/30/2014,558,373,475
Cadillac,XTS HEARSE,6,Auto(S6),14,21,17,NA,Naturally Aspirated,Semi-Automatic,F,"2-Wheel Drive, Front",G,Gasoline (Regular Unleaded Recommended),3100,3100,17,Special Purpose Vehicle 2WD,5/30/2014,625,432,538
Cadillac,XTS LIMO,6,Auto(S6),14,21,17,NA,Naturally Aspirated,Semi-Automatic,F,"2-Wheel Drive, Front",G,Gasoline (Regular Unleaded Recommended),3100,3100,17,Special Purpose Vehicle 2WD,5/30/2014,614,424,528
Cadillac,ESCALADE 2WD,8,Auto(A6),15,21,17,NA,Naturally Aspirated,Automatic,R,"2-Wheel Drive, Rear",G,Gasoline (Regular Unleaded Recommended),3100,3100,32,Standard SUV 2WD,1/15/2014,609,428,527
Cadillac,ESCALADE ESV 2WD,8,Auto(A6),15,21,17,NA,Naturally Aspirated,Automatic,R,"2-Wheel Drive, Rear",G,Gasoline (Regular Unleaded Recommended),3100,3100,32,Standard SUV 2WD,1/15/2014,609,428,527
Cadillac,SRX,6,Auto(S6),17,24,19,NA,Naturally Aspirated,Semi-Automatic,F,"2-Wheel Drive, Front",G,Gasoline (Regular Unleaded Recommended),2750,2750,32,Standard SUV 2WD,5/30/2014,536,370,461
Cadillac,ESCALADE 4WD,8,Auto(A6),14,21,16,NA,Naturally Aspirated,Automatic,4,4-Wheel Drive,G,Gasoline (Regular Unleaded Recommended),3300,3300,33,Standard SUV 4WD,1/15/2014,635,431,555
Cadillac,ESCALADE ESV 4WD,8,Auto(A6),14,20,16,NA,Naturally Aspirated,Automatic,4,4-Wheel Drive,G,Gasoline (Regular Unleaded Recommended),3300,3300,33,Standard SUV 4WD,1/15/2014,634,443,548
Cadillac,SRX AWD,6,Auto(S6),16,23,18,NA,Naturally Aspirated,Semi-Automatic,A,All Wheel Drive,G,Gasoline (Regular Unleaded Recommended),2900,2900,33,Standard SUV 4WD,5/30/2014,556,391,482
Chevrolet,SPARK,4,Auto(AV),30,39,34,NA,Naturally Aspirated,Continuously Variable,F,"2-Wheel Drive, Front",G,Gasoline (Regular Unleaded Recommended),1550,1550,3,Subcompact Cars,4/30/2014,293,230,264
Chevrolet,SPARK,4,Manual(M5),31,39,34,NA,Naturally Aspirated,Manual,F,"2-Wheel Drive, Front",G,Gasoline (Regular Unleaded Recommended),1550,1550,3,Subcompact Cars,4/30/2014,285,226,258
Chevrolet,CAMARO,6,Auto(A6),19,30,22,NA,Naturally Aspirated,Automatic,R,"2-Wheel Drive, Rear",G,Gasoline (Regular Unleaded Recommended),2400,2400,4,Compact Cars,6/30/2014,477,298,397
Chevrolet,CAMARO,6,Auto(S6),18,27,21,NA,Naturally Aspirated,Semi-Automatic,R,"2-Wheel Drive, Rear",G,Gasoline (Regular Unleaded Recommended),2500,2500,4,Compact Cars,6/30/2014,504,332,427
Chevrolet,CAMARO,6,Manual(M6),17,28,20,NA,Naturally Aspirated,Manual,R,"2-Wheel Drive, Rear",G,Gasoline (Regular Unleaded Recommended),2600,2600,4,Compact Cars,6/30/2014,528,320,434
Chevrolet,CAMARO,8,Auto(S6),15,24,18,NA,Naturally Aspirated,Semi-Automatic,R,"2-Wheel Drive, Rear",G,Gasoline (Regular Unleaded Recommended),2900,2900,4,Compact Cars,6/15/2014,575,368,482
Chevrolet,CAMARO,8,Auto(S6),12,18,14,SC,Supercharged,Semi-Automatic,R,"2-Wheel Drive, Rear",GP,Gasoline (Premium Unleaded Recommended),4050,4050,4,Compact Cars,6/30/2014,760,499,643
Chevrolet,CAMARO,8,Manual(M6),16,24,19,NA,Naturally Aspirated,Manual,R,"2-Wheel Drive, Rear",G,Gasoline (Regular Unleaded Recommended),2750,2750,4,Compact Cars,6/30/2014,567,373,479
Chevrolet,CAMARO,8,Manual(M6),14,19,16,SC,Supercharged,Manual,R,"2-Wheel Drive, Rear",G,Gasoline (Regular Unleaded Recommended),3300,3300,4,Compact Cars,6/30/2014,628,469,557
Chevrolet,CAMARO,8,Manual(M6),14,19,16,SC,Supercharged,Manual,R,"2-Wheel Drive, Rear",GPR,Gasoline (Premium Unleaded Required),3550,3550,4,Compact Cars,6/30/2014,635,476,564
Chevrolet,CAMARO,8,Manual(M6),13,19,15,NA,Naturally Aspirated,Manual,R,"2-Wheel Drive, Rear",GPR,Gasoline (Premium Unleaded Required),3800,3800,4,Compact Cars,6/15/2014,680,463,582
Chevrolet,SONIC,4,Auto(S6),27,37,31,TC,Turbocharged,Semi-Automatic,F,"2-Wheel Drive, Front",G,Gasoline (Regular Unleaded Recommended),1700,1700,4,Compact Cars,5/30/2014,330,243,291
Chevrolet,SONIC,4,Manual(M6),29,40,33,TC,Turbocharged,Manual,F,"2-Wheel Drive, Front",G,Gasoline (Regular Unleaded Recommended),1600,1600,4,Compact Cars,6/30/2014,310,223,271
Chevrolet,SONIC,4,Auto(S6),25,35,28,NA,Naturally Aspirated,Semi-Automatic,F,"2-Wheel Drive, Front",G,Gasoline (Regular Unleaded Recommended),1900,1900,4,Compact Cars,6/30/2014,362,252,312
Chevrolet,SONIC,4,Manual(M5),26,35,30,NA,Naturally Aspirated,Manual,F,"2-Wheel Drive, Front",G,Gasoline (Regular Unleaded Recommended),1750,1750,4,Compact Cars,6/30/2014,338,255,301
Chevrolet,SONIC RS,4,Auto(S6),25,33,28,TC,Turbocharged,Semi-Automatic,F,"2-Wheel Drive, Front",G,Gasoline (Regular Unleaded Recommended),1900,1900,4,Compact Cars,5/30/2014,356,269,317
Chevrolet,SONIC RS,4,Manual(M6),27,34,30,TC,Turbocharged,Manual,F,"2-Wheel Drive, Front",G,Gasoline (Regular Unleaded Recommended),1750,1750,4,Compact Cars,6/30/2014,327,261,298
Chevrolet,CRUZE,4,Auto(S6),26,38,30,TC,Turbocharged,Semi-Automatic,F,"2-Wheel Drive, Front",G,Gasoline (Regular Unleaded Recommended),1750,1750,5,Midsize Cars,5/30/2014,344,236,296
Chevrolet,CRUZE,4,Manual(M6),26,38,30,TC,Turbocharged,Manual,F,"2-Wheel Drive, Front",G,Gasoline (Regular Unleaded Recommended),1750,1750,5,Midsize Cars,5/30/2014,340,236,293
Chevrolet,CRUZE,4,Auto(S6),22,35,27,NA,Naturally Aspirated,Semi-Automatic,F,"2-Wheel Drive, Front",G,Gasoline (Regular Unleaded Recommended),1950,1950,5,Midsize Cars,5/30/2014,397,254,333
Chevrolet,CRUZE,4,Manual(M6),25,36,29,NA,Naturally Aspirated,Manual,F,"2-Wheel Drive, Front",G,Gasoline (Regular Unleaded Recommended),1800,1800,5,Midsize Cars,5/30/2014,342,247,299
Chevrolet,MALIBU,4,Auto(S6),21,30,24,TC,Turbocharged,Semi-Automatic,F,"2-Wheel Drive, Front",G,Gasoline (Regular Unleaded Recommended),2200,2200,5,Midsize Cars,5/30/2014,431,297,371
Chevrolet,MALIBU,4,Auto(S6),25,36,29,NA,Naturally Aspirated,Semi-Automatic,F,"2-Wheel Drive, Front",G,Gasoline (Regular Unleaded Recommended),1800,1800,5,Midsize Cars,5/7/2014,351,247,307
Chevrolet,SONIC 5,4,Auto(S6),27,37,31,TC,Turbocharged,Semi-Automatic,F,"2-Wheel Drive, Front",G,Gasoline (Regular Unleaded Recommended),1700,1700,5,Midsize Cars,5/30/2014,330,243,291
Chevrolet,SONIC 5,4,Manual(M6),29,40,33,TC,Turbocharged,Manual,F,"2-Wheel Drive, Front",G,Gasoline (Regular Unleaded Recommended),1600,1600,5,Midsize Cars,6/30/2014,310,223,271
Chevrolet,SONIC 5,4,Auto(S6),25,35,28,NA,Naturally Aspirated,Semi-Automatic,F,"2-Wheel Drive, Front",G,Gasoline (Regular Unleaded Recommended),1900,1900,5,Midsize Cars,6/30/2014,362,252,312
Chevrolet,SONIC 5,4,Manual(M5),26,35,30,NA,Naturally Aspirated,Manual,F,"2-Wheel Drive, Front",G,Gasoline (Regular Unleaded Recommended),1750,1750,5,Midsize Cars,6/30/2014,338,255,301
Chevrolet,SONIC 5 RS,4,Auto(S6),25,33,28,TC,Turbocharged,Semi-Automatic,F,"2-Wheel Drive, Front",G,Gasoline (Regular Unleaded Recommended),1900,1900,5,Midsize Cars,5/30/2014,356,269,317
Chevrolet,SONIC 5 RS,4,Manual(M6),27,34,30,TC,Turbocharged,Manual,F,"2-Wheel Drive, Front",G,Gasoline (Regular Unleaded Recommended),1750,1750,5,Midsize Cars,6/30/2014,327,261,298
Chevrolet,IMPALA,4,Auto(S6),22,31,25,NA,Naturally Aspirated,Semi-Automatic,F,"2-Wheel Drive, Front",G,Gasoline (Regular Unleaded Recommended),2100,2100,6,Large Cars,5/7/2014,404,287,355
Chevrolet,IMPALA,6,Auto(S6),18,28,21,NA,Naturally Aspirated,Semi-Automatic,F,"2-Wheel Drive, Front",G,Gasoline (Regular Unleaded Recommended),2500,2500,6,Large Cars,5/30/2014,499,318,417
Chevrolet,IMPALA,6,Auto(S6),19,29,22,NA,Naturally Aspirated,Semi-Automatic,F,"2-Wheel Drive, Front",G,Gasoline (Regular Unleaded Recommended),2400,2400,6,Large Cars,5/30/2014,472,309,399
Chevrolet,IMPALA LIMITED,6,Auto(A6),18,30,22,NA,Naturally Aspirated,Automatic,F,"2-Wheel Drive, Front",G,Gasoline (Regular Unleaded Recommended),2400,2400,6,Large Cars,5/30/2014,498,299,408
Chevrolet,C15 SILVERADO 2WD,8,Auto(A6),16,23,19,NA,Naturally Aspirated,Automatic,R,"2-Wheel Drive, Rear",G,Gasoline (Regular Unleaded Recommended),2750,2750,12,Standard Pick-up Trucks 2WD,1/6/2014,552,389,478
Chevrolet,K15 SILVERADO 4WD,8,Auto(A6),16,22,18,NA,Naturally Aspirated,Automatic,4,4-Wheel Drive,G,Gasoline (Regular Unleaded Recommended),2900,2900,13,Standard Pick-up Trucks 4WD,1/6/2014,562,403,490
Chevrolet,CAPTIVA FWD,4,Auto(A6),20,28,23,NA,Naturally Aspirated,Automatic,F,"2-Wheel Drive, Front",G,Gasoline (Regular Unleaded Recommended),2300,2300,30,Small SUV 2WD,5/30/2014,444,318,386
Chevrolet,EQUINOX FWD,4,Auto(A6),22,32,26,NA,Naturally Aspirated,Automatic,F,"2-Wheel Drive, Front",G,Gasoline (Regular Unleaded Recommended),2000,2000,30,Small SUV 2WD,5/30/2014,398,278,344
Chevrolet,EQUINOX FWD,4,Auto(A6),22,32,26,NA,Naturally Aspirated,Automatic,F,"2-Wheel Drive, Front",G,Gasoline (Regular Unleaded Recommended),2000,2000,30,Small SUV 2WD,5/30/2014,398,278,344
Chevrolet,EQUINOX FWD,6,Auto(A6),17,24,20,NA,Naturally Aspirated,Automatic,F,"2-Wheel Drive, Front",G,Gasoline (Regular Unleaded Recommended),2600,2600,30,Small SUV 2WD,5/30/2014,536,370,444
Chevrolet,EQUINOX AWD,4,Auto(A6),20,29,23,NA,Naturally Aspirated,Automatic,A,All Wheel Drive,G,Gasoline (Regular Unleaded Recommended),2300,2300,31,Small SUV 4WD,5/31/2014,435,310,379
Chevrolet,EQUINOX AWD,6,Auto(A6),16,23,19,NA,Naturally Aspirated,Automatic,A,All Wheel Drive,G,Gasoline (Regular Unleaded Recommended),2750,2750,31,Small SUV 4WD,5/30/2014,559,387,468
Chevrolet,C1500 SUBURBAN 2WD,8,Auto(A6),16,23,18,NA,Naturally Aspirated,Automatic,R,"2-Wheel Drive, Rear",G,Gasoline (Regular Unleaded Recommended),2900,2900,32,Standard SUV 2WD,1/6/2014,561,383,481
Chevrolet,C1500 SUBURBAN 2WD,8,Auto(A6),16,23,18,NA,Naturally Aspirated,Automatic,R,"2-Wheel Drive, Rear",G,Gasoline (Regular Unleaded Recommended),2900,2900,32,Standard SUV 2WD,5/22/2014,561,383,481
Chevrolet,C1500 TAHOE 2WD,8,Auto(A6),16,23,18,NA,Naturally Aspirated,Automatic,R,"2-Wheel Drive, Rear",G,Gasoline (Regular Unleaded Recommended),2900,2900,32,Standard SUV 2WD,1/6/2014,561,383,481
Chevrolet,C1500 TAHOE 2WD,8,Auto(A6),16,23,18,NA,Naturally Aspirated,Automatic,R,"2-Wheel Drive, Rear",G,Gasoline (Regular Unleaded Recommended),2900,2900,32,Standard SUV 2WD,5/22/2014,561,383,481
Chevrolet,TRAVERSE FWD,6,Auto(A6),17,24,19,NA,Naturally Aspirated,Automatic,F,"2-Wheel Drive, Front",G,Gasoline (Regular Unleaded Recommended),2750,2750,32,Standard SUV 2WD,5/30/2014,538,375,465
Chevrolet,K1500 SUBURBAN 4WD,8,Auto(A6),15,22,18,NA,Naturally Aspirated,Automatic,4,4-Wheel Drive,G,Gasoline (Regular Unleaded Recommended),2900,2900,33,Standard SUV 4WD,1/6/2014,581,409,503
Chevrolet,K1500 SUBURBAN 4WD,8,Auto(A6),15,22,18,NA,Naturally Aspirated,Automatic,4,4-Wheel Drive,G,Gasoline (Regular Unleaded Recommended),2900,2900,33,Standard SUV 4WD,5/22/2014,581,409,503
Chevrolet,K1500 TAHOE 4WD,8,Auto(A6),16,22,18,NA,Naturally Aspirated,Automatic,4,4-Wheel Drive,G,Gasoline (Regular Unleaded Recommended),2900,2900,33,Standard SUV 4WD,1/6/2014,573,407,498
Chevrolet,K1500 TAHOE 4WD,8,Auto(A6),16,22,18,NA,Naturally Aspirated,Automatic,4,4-Wheel Drive,G,Gasoline (Regular Unleaded Recommended),2900,2900,33,Standard SUV 4WD,5/22/2014,573,407,498
Chevrolet,TRAVERSE AWD,6,Auto(A6),16,23,19,NA,Naturally Aspirated,Automatic,A,All Wheel Drive,G,Gasoline (Regular Unleaded Recommended),2750,2750,33,Standard SUV 4WD,5/30/2014,551,384,476
Chrysler,200,4,Auto(A9),23,36,28,NA,Naturally Aspirated,Automatic,F,"2-Wheel Drive, Front",G,Gasoline (Regular Unleaded Recommended),1900,1900,5,Midsize Cars,3/27/2014,384,246,322
Chrysler,200,6,Auto(A9),19,32,23,NA,Naturally Aspirated,Automatic,F,"2-Wheel Drive, Front",G,Gasoline (Regular Unleaded Recommended),2300,2300,5,Midsize Cars,3/26/2014,469,283,385
Chrysler,200 AWD,6,Auto(A9),18,29,22,NA,Naturally Aspirated,Automatic,A,All Wheel Drive,G,Gasoline (Regular Unleaded Recommended),2400,2400,5,Midsize Cars,3/17/2014,482,306,403
FIAT,500,4,Auto(A6),27,34,30,NA,Naturally Aspirated,Automatic,F,"2-Wheel Drive, Front",GP,Gasoline (Premium Unleaded Recommended),1900,1900,2,Minicompact Cars,6/23/2014,325,259,295
FIAT,500,4,Auto(A6),24,32,27,TC,Turbocharged,Automatic,F,"2-Wheel Drive, Front",GP,Gasoline (Premium Unleaded Recommended),2100,2100,2,Minicompact Cars,6/23/2014,363,272,322
FIAT,500,4,Manual(M5),31,40,34,NA,Naturally Aspirated,Manual,F,"2-Wheel Drive, Front",GP,Gasoline (Premium Unleaded Recommended),1700,1700,2,Minicompact Cars,6/23/2014,289,224,260
FIAT,500,4,Manual(M5),28,34,30,TC,Turbocharged,Manual,F,"2-Wheel Drive, Front",GP,Gasoline (Premium Unleaded Recommended),1900,1900,2,Minicompact Cars,6/23/2014,321,263,295
FIAT,500 Abarth,4,Auto(A6),24,32,27,TC,Turbocharged,Automatic,F,"2-Wheel Drive, Front",GP,Gasoline (Premium Unleaded Recommended),2100,2100,2,Minicompact Cars,6/23/2014,363,272,322
FIAT,500 Abarth,4,Manual(M5),28,34,30,TC,Turbocharged,Manual,F,"2-Wheel Drive, Front",GP,Gasoline (Premium Unleaded Recommended),1900,1900,2,Minicompact Cars,6/23/2014,321,263,295
Ford,Fiesta FWD,4,Auto(AM6),27,37,31,NA,Naturally Aspirated,Automated Manual,F,"2-Wheel Drive, Front",G,Gasoline (Regular Unleaded Recommended),1700,1700,3,Subcompact Cars,6/20/2014,328,242,289
Ford,Fiesta SFE FWD,4,Manual(M5),31,43,36,TC,Turbocharged,Manual,F,"2-Wheel Drive, Front",G,Gasoline (Regular Unleaded Recommended),1450,1450,3,Subcompact Cars,6/20/2014,280,206,247
Ford,Fiesta SFE FWD,4,Auto(AM6),28,38,32,NA,Naturally Aspirated,Automated Manual,F,"2-Wheel Drive, Front",G,Gasoline (Regular Unleaded Recommended),1650,1650,3,Subcompact Cars,6/20/2014,319,233,281
Ford,Fiesta ST FWD,4,Manual(M6),26,35,29,TC,Turbocharged,Manual,F,"2-Wheel Drive, Front",G,Gasoline (Regular Unleaded Recommended),1800,1800,4,Compact Cars,6/20/2014,337,257,301
Ford,FUSION AWD,4,Auto(S6),22,31,25,TC,Turbocharged,Semi-Automatic,A,All Wheel Drive,G,Gasoline (Regular Unleaded Recommended),2100,2100,5,Midsize Cars,6/23/2014,410,284,354
Ford,FUSION FWD,4,Auto(S6),25,37,29,TC,Turbocharged,Semi-Automatic,F,"2-Wheel Drive, Front",G,Gasoline (Regular Unleaded Recommended),1800,1800,5,Midsize Cars,6/23/2014,356,238,303
Ford,FUSION FWD,4,Auto(S6),24,36,28,TC,Turbocharged,Semi-Automatic,F,"2-Wheel Drive, Front",G,Gasoline (Regular Unleaded Recommended),1900,1900,5,Midsize Cars,6/23/2014,374,247,316
Ford,FUSION FWD,4,Auto(S6),22,33,26,TC,Turbocharged,Semi-Automatic,F,"2-Wheel Drive, Front",G,Gasoline (Regular Unleaded Recommended),2000,2000,5,Midsize Cars,6/23/2014,396,267,338
Ford,FUSION FWD,4,Auto(S6),22,34,26,NA,Naturally Aspirated,Semi-Automatic,F,"2-Wheel Drive, Front",G,Gasoline (Regular Unleaded Recommended),2000,2000,5,Midsize Cars,6/23/2014,399,264,338
Ford,Special Service Police FWD,4,Auto(A6),20,30,24,TC,Turbocharged,Automatic,F,"2-Wheel Drive, Front",G,Gasoline (Regular Unleaded Recommended),2200,2200,6,Large Cars,6/5/2014,436,298,374
Ford,TAURUS AWD,6,Auto(S6),17,25,20,TC,Turbocharged,Semi-Automatic,A,All Wheel Drive,G,Gasoline (Regular Unleaded Recommended),2600,2600,6,Large Cars,6/5/2014,524,357,449
Ford,TAURUS AWD,6,Auto(S6),18,26,21,NA,Naturally Aspirated,Semi-Automatic,A,All Wheel Drive,G,Gasoline (Regular Unleaded Recommended),2500,2500,6,Large Cars,6/5/2014,491,345,425
Ford,TAURUS AWD FFV,6,Auto(S6),18,26,21,NA,Naturally Aspirated,Semi-Automatic,A,All Wheel Drive,G,Gasoline (Regular Unleaded Recommended),2500,2500,6,Large Cars,6/5/2014,491,345,425
Ford,TAURUS FWD,4,Auto(S6),22,32,26,TC,Turbocharged,Semi-Automatic,F,"2-Wheel Drive, Front",G,Gasoline (Regular Unleaded Recommended),2000,2000,6,Large Cars,6/5/2014,397,278,342
Ford,TAURUS FWD,6,Auto(S6),19,29,23,NA,Naturally Aspirated,Semi-Automatic,F,"2-Wheel Drive, Front",G,Gasoline (Regular Unleaded Recommended),2300,2300,6,Large Cars,6/5/2014,460,311,393
Ford,TAURUS FWD FFV,6,Auto(S6),19,29,23,NA,Naturally Aspirated,Semi-Automatic,F,"2-Wheel Drive, Front",G,Gasoline (Regular Unleaded Recommended),2300,2300,6,Large Cars,5/5/2014,460,311,393
Ford,Transit T150 Wagon,6,Auto(S6),14,19,16,TC,Turbocharged,Semi-Automatic,R,"2-Wheel Drive, Rear",G,Gasoline (Regular Unleaded Recommended),3300,3300,15,"Vans, Passenger Type",6/2/2014,626,471,556
Ford,Transit T150 Wagon FFV,6,Auto(S6),14,19,16,NA,Naturally Aspirated,Semi-Automatic,R,"2-Wheel Drive, Rear",G,Gasoline (Regular Unleaded Recommended),3300,3300,15,"Vans, Passenger Type",6/2/2014,627,476,559
Ford,EXPLORER FFV 2WD,6,Auto(S6),17,24,20,NA,Naturally Aspirated,Semi-Automatic,F,"2-Wheel Drive, Front",G,Gasoline (Regular Unleaded Recommended),2600,2600,32,Standard SUV 2WD,6/5/2014,518,366,450
Ford,EXPLORER FWD,4,Auto(A6),20,28,23,TC,Turbocharged,Automatic,F,"2-Wheel Drive, Front",G,Gasoline (Regular Unleaded Recommended),2300,2300,32,Standard SUV 2WD,6/5/2014,449,322,392
Ford,EXPLORER FWD,6,Auto(S6),17,24,20,NA,Naturally Aspirated,Semi-Automatic,F,"2-Wheel Drive, Front",G,Gasoline (Regular Unleaded Recommended),2600,2600,32,Standard SUV 2WD,6/5/2014,518,366,450
Ford,EXPLORER AWD,6,Auto(S6),17,23,19,NA,Naturally Aspirated,Semi-Automatic,A,All Wheel Drive,G,Gasoline (Regular Unleaded Recommended),2750,2750,33,Standard SUV 4WD,6/5/2014,537,389,470
Ford,EXPLORER AWD,6,Auto(S6),16,22,18,TC,Turbocharged,Semi-Automatic,A,All Wheel Drive,G,Gasoline (Regular Unleaded Recommended),2900,2900,33,Standard SUV 4WD,6/5/2014,561,404,494
Ford,EXPLORER FFV AWD,6,Auto(S6),17,23,19,NA,Naturally Aspirated,Semi-Automatic,A,All Wheel Drive,G,Gasoline (Regular Unleaded Recommended),2750,2750,33,Standard SUV 4WD,6/5/2014,537,389,470
GMC,C15 SIERRA 2WD,8,Auto(A6),16,23,19,NA,Naturally Aspirated,Automatic,R,"2-Wheel Drive, Rear",G,Gasoline (Regular Unleaded Recommended),2750,2750,12,Standard Pick-up Trucks 2WD,1/6/2014,552,389,478
GMC,K15 SIERRA 4WD,8,Auto(A6),16,22,18,NA,Naturally Aspirated,Automatic,4,4-Wheel Drive,G,Gasoline (Regular Unleaded Recommended),2900,2900,13,Standard Pick-up Trucks 4WD,1/6/2014,562,403,490
GMC,TERRAIN FWD,4,Auto(A6),22,32,26,NA,Naturally Aspirated,Automatic,F,"2-Wheel Drive, Front",G,Gasoline (Regular Unleaded Recommended),2000,2000,30,Small SUV 2WD,5/30/2014,398,278,344
GMC,TERRAIN FWD,4,Auto(A6),22,32,26,NA,Naturally Aspirated,Automatic,F,"2-Wheel Drive, Front",G,Gasoline (Regular Unleaded Recommended),2000,2000,30,Small SUV 2WD,5/30/2014,398,278,344
GMC,TERRAIN FWD,6,Auto(A6),17,24,20,NA,Naturally Aspirated,Automatic,F,"2-Wheel Drive, Front",G,Gasoline (Regular Unleaded Recommended),2600,2600,30,Small SUV 2WD,5/30/2014,536,370,444
GMC,TERRAIN AWD,4,Auto(A6),20,29,23,NA,Naturally Aspirated,Automatic,A,All Wheel Drive,G,Gasoline (Regular Unleaded Recommended),2300,2300,31,Small SUV 4WD,5/31/2014,435,310,379
GMC,TERRAIN AWD,6,Auto(A6),16,23,19,NA,Naturally Aspirated,Automatic,A,All Wheel Drive,G,Gasoline (Regular Unleaded Recommended),2750,2750,31,Small SUV 4WD,5/30/2014,559,387,468
GMC,ACADIA FWD,6,Auto(A6),17,24,19,NA,Naturally Aspirated,Automatic,F,"2-Wheel Drive, Front",G,Gasoline (Regular Unleaded Recommended),2750,2750,32,Standard SUV 2WD,5/30/2014,538,375,465
GMC,C1500 YUKON 2WD,8,Auto(A6),16,23,18,NA,Naturally Aspirated,Automatic,R,"2-Wheel Drive, Rear",G,Gasoline (Regular Unleaded Recommended),2900,2900,32,Standard SUV 2WD,1/6/2014,561,383,481
GMC,C1500 YUKON 2WD,8,Auto(A6),16,23,18,NA,Naturally Aspirated,Automatic,R,"2-Wheel Drive, Rear",G,Gasoline (Regular Unleaded Recommended),2900,2900,32,Standard SUV 2WD,5/22/2014,561,383,481
GMC,C1500 YUKON 2WD,8,Auto(A6),15,21,17,NA,Naturally Aspirated,Automatic,R,"2-Wheel Drive, Rear",G,Gasoline (Regular Unleaded Recommended),3100,3100,32,Standard SUV 2WD,1/15/2014,609,428,527
GMC,C1500 YUKON XL 2WD,8,Auto(A6),16,23,18,NA,Naturally Aspirated,Automatic,R,"2-Wheel Drive, Rear",G,Gasoline (Regular Unleaded Recommended),2900,2900,32,Standard SUV 2WD,1/6/2014,561,383,481
GMC,C1500 YUKON XL 2WD,8,Auto(A6),16,23,18,NA,Naturally Aspirated,Automatic,R,"2-Wheel Drive, Rear",G,Gasoline (Regular Unleaded Recommended),2900,2900,32,Standard SUV 2WD,5/22/2014,561,383,481
GMC,C1500 YUKON XL 2WD,8,Auto(A6),15,21,17,NA,Naturally Aspirated,Automatic,R,"2-Wheel Drive, Rear",G,Gasoline (Regular Unleaded Recommended),3100,3100,32,Standard SUV 2WD,1/15/2014,609,428,527
GMC,ACADIA AWD,6,Auto(A6),16,23,19,NA,Naturally Aspirated,Automatic,A,All Wheel Drive,G,Gasoline (Regular Unleaded Recommended),2750,2750,33,Standard SUV 4WD,5/30/2014,551,384,476
GMC,K1500 YUKON 4WD,8,Auto(A6),16,22,18,NA,Naturally Aspirated,Automatic,4,4-Wheel Drive,G,Gasoline (Regular Unleaded Recommended),2900,2900,33,Standard SUV 4WD,1/6/2014,573,407,498
GMC,K1500 YUKON 4WD,8,Auto(A6),16,22,18,NA,Naturally Aspirated,Automatic,4,4-Wheel Drive,G,Gasoline (Regular Unleaded Recommended),2900,2900,33,Standard SUV 4WD,5/22/2014,573,407,498
GMC,K1500 YUKON 4WD,8,Auto(A6),14,21,16,NA,Naturally Aspirated,Automatic,4,4-Wheel Drive,G,Gasoline (Regular Unleaded Recommended),3300,3300,33,Standard SUV 4WD,1/15/2014,635,431,555
GMC,K1500 YUKON XL 4WD,8,Auto(A6),15,22,18,NA,Naturally Aspirated,Automatic,4,4-Wheel Drive,G,Gasoline (Regular Unleaded Recommended),2900,2900,33,Standard SUV 4WD,1/6/2014,581,409,503
GMC,K1500 YUKON XL 4WD,8,Auto(A6),15,22,18,NA,Naturally Aspirated,Automatic,4,4-Wheel Drive,G,Gasoline (Regular Unleaded Recommended),2900,2900,33,Standard SUV 4WD,5/22/2014,581,409,503
GMC,K1500 YUKON XL 4WD,8,Auto(A6),14,20,16,NA,Naturally Aspirated,Automatic,4,4-Wheel Drive,G,Gasoline (Regular Unleaded Recommended),3300,3300,33,Standard SUV 4WD,1/15/2014,634,443,548
Honda,FIT,4,Auto(AV),33,41,36,NA,Naturally Aspirated,Continuously Variable,F,"2-Wheel Drive, Front",G,Gasoline (Regular Unleaded Recommended),1450,1450,7,Small Station Wagons,4/1/2014,269,216,247
Honda,FIT,4,Auto(AV-S7),32,38,35,NA,Naturally Aspirated,Selectable Continuously Variable (e.g. CVT with paddles),F,"2-Wheel Drive, Front",G,Gasoline (Regular Unleaded Recommended),1500,1500,7,Small Station Wagons,4/1/2014,275,233,256
Honda,FIT,4,Manual(M6),29,37,32,NA,Naturally Aspirated,Manual,F,"2-Wheel Drive, Front",G,Gasoline (Regular Unleaded Recommended),1650,1650,7,Small Station Wagons,4/1/2014,306,241,277
Honda,PILOT 2WD,6,Auto(A5),18,25,21,NA,Naturally Aspirated,Automatic,F,"2-Wheel Drive, Front",G,Gasoline (Regular Unleaded Recommended),2500,2500,30,Small SUV 2WD,6/3/2014,500,349,432
Honda,PILOT 4WD,6,Auto(A5),17,24,20,NA,Naturally Aspirated,Automatic,A,All Wheel Drive,G,Gasoline (Regular Unleaded Recommended),2600,2600,31,Small SUV 4WD,6/3/2014,514,364,446
Hyundai,Genesis Coupe,6,Auto(S8),16,25,19,NA,Naturally Aspirated,Semi-Automatic,R,"2-Wheel Drive, Rear",GP,Gasoline (Premium Unleaded Recommended),3000,3000,3,Subcompact Cars,5/20/2014,543,354,458
Hyundai,Genesis Coupe,6,Manual(M6),16,24,19,NA,Naturally Aspirated,Manual,R,"2-Wheel Drive, Rear",GP,Gasoline (Premium Unleaded Recommended),3000,3000,3,Subcompact Cars,5/20/2014,535,368,460
Hyundai,Elantra,4,Auto(S6),28,38,32,NA,Naturally Aspirated,Semi-Automatic,F,"2-Wheel Drive, Front",G,Gasoline (Regular Unleaded Recommended),1650,1650,5,Midsize Cars,6/1/2014,319,234,281
Hyundai,Elantra,4,Manual(M6),27,37,31,NA,Naturally Aspirated,Manual,F,"2-Wheel Drive, Front",G,Gasoline (Regular Unleaded Recommended),1700,1700,5,Midsize Cars,6/1/2014,328,234,286
Hyundai,Elantra,4,Auto(S6),24,35,28,NA,Naturally Aspirated,Semi-Automatic,F,"2-Wheel Drive, Front",G,Gasoline (Regular Unleaded Recommended),1900,1900,5,Midsize Cars,6/1/2014,363,255,314
Hyundai,Elantra,4,Manual(M6),24,34,28,NA,Naturally Aspirated,Manual,F,"2-Wheel Drive, Front",G,Gasoline (Regular Unleaded Recommended),1900,1900,5,Midsize Cars,6/1/2014,364,263,319
Hyundai,Elantra Limited,4,Auto(S6),27,37,31,NA,Naturally Aspirated,Semi-Automatic,F,"2-Wheel Drive, Front",G,Gasoline (Regular Unleaded Recommended),1700,1700,5,Midsize Cars,6/1/2014,329,243,290
Hyundai,Sonata HYBRID,4,Auto(AM6),36,40,38,NA,Naturally Aspirated,Automated Manual,F,"2-Wheel Drive, Front",G,Gasoline (Regular Unleaded Recommended),1400,1400,5,Midsize Cars,6/12/2014,247,224,237
Hyundai,Sonata HYBRID LIMITED,4,Auto(AM6),36,40,37,NA,Naturally Aspirated,Automated Manual,F,"2-Wheel Drive, Front",G,Gasoline (Regular Unleaded Recommended),1400,1400,5,Midsize Cars,6/12/2014,250,225,239
Hyundai,Equus,8,Auto(A8),15,23,18,NA,Naturally Aspirated,Automatic,R,"2-Wheel Drive, Rear",GP,Gasoline (Premium Unleaded Recommended),3150,3150,6,Large Cars,4/29/2014,597,387,502
Hyundai,Genesis AWD,6,Auto(A8),16,25,19,NA,Naturally Aspirated,Automatic,A,All Wheel Drive,G,Gasoline (Regular Unleaded Recommended),2750,2750,6,Large Cars,2/15/2014,544,356,459
Hyundai,Genesis RWD,6,Auto(A8),18,29,22,NA,Naturally Aspirated,Automatic,R,"2-Wheel Drive, Rear",G,Gasoline (Regular Unleaded Recommended),2400,2400,6,Large Cars,2/15/2014,489,311,409
Hyundai,Genesis RWD,8,Auto(A8),15,23,18,NA,Naturally Aspirated,Automatic,R,"2-Wheel Drive, Rear",GP,Gasoline (Premium Unleaded Recommended),3150,3150,6,Large Cars,2/15/2014,600,384,503
Hyundai,Sonata,4,Auto(S6),25,37,29,NA,Naturally Aspirated,Semi-Automatic,F,"2-Wheel Drive, Front",G,Gasoline (Regular Unleaded Recommended),1800,1800,6,Large Cars,5/30/2014,362,242,308
Hyundai,Sonata SPORT/LIMITED,4,Auto(S6),24,35,28,NA,Naturally Aspirated,Semi-Automatic,F,"2-Wheel Drive, Front",G,Gasoline (Regular Unleaded Recommended),1900,1900,6,Large Cars,5/30/2014,376,258,323
Hyundai,Tucson FWD,4,Auto(A6),23,29,25,NA,Naturally Aspirated,Automatic,F,"2-Wheel Drive, Front",G,Gasoline (Regular Unleaded Recommended),2100,2100,30,Small SUV 2WD,6/2/2014,382,306,348
Hyundai,Tucson FWD,4,Auto(A6),21,28,24,NA,Naturally Aspirated,Automatic,F,"2-Wheel Drive, Front",G,Gasoline (Regular Unleaded Recommended),2200,2200,30,Small SUV 2WD,6/1/2014,425,309,373
Hyundai,Tucson AWD,4,Auto(A6),21,25,23,NA,Naturally Aspirated,Automatic,A,All Wheel Drive,G,Gasoline (Regular Unleaded Recommended),2300,2300,31,Small SUV 4WD,6/1/2014,432,346,393
Hyundai,Tucson AWD,4,Auto(A6),20,25,22,NA,Naturally Aspirated,Automatic,A,All Wheel Drive,G,Gasoline (Regular Unleaded Recommended),2400,2400,31,Small SUV 4WD,6/2/2014,445,347,401
Infiniti,QX50,6,Auto(S7),17,25,20,NA,Naturally Aspirated,Semi-Automatic,R,"2-Wheel Drive, Rear",GPR,Gasoline (Premium Unleaded Required),2850,2850,7,Small Station Wagons,5/6/2014,524,357,445
Infiniti,QX50 AWD,6,Auto(S7),17,24,20,NA,Naturally Aspirated,Semi-Automatic,A,All Wheel Drive,GPR,Gasoline (Premium Unleaded Required),2850,2850,7,Small Station Wagons,5/6/2014,515,365,447
Infiniti,QX70 RWD,6,Auto(S7),17,24,19,NA,Naturally Aspirated,Semi-Automatic,R,"2-Wheel Drive, Rear",GPR,Gasoline (Premium Unleaded Required),3000,3000,30,Small SUV 2WD,5/7/2014,525,374,457
Infiniti,QX70 AWD,6,Auto(S7),16,22,18,NA,Naturally Aspirated,Semi-Automatic,A,All Wheel Drive,GPR,Gasoline (Premium Unleaded Required),3150,3150,31,Small SUV 4WD,5/7/2014,551,407,486
Jaguar,F-TYPE Convertible,6,Auto(S8),20,28,23,SC,Supercharged,Semi-Automatic,R,"2-Wheel Drive, Rear",GP,Gasoline (Premium Unleaded Recommended),2500,2500,1,Two Seaters,1/30/2014,447,318,389
Jaguar,F-TYPE Coupe,6,Auto(S8),20,28,23,SC,Supercharged,Semi-Automatic,R,"2-Wheel Drive, Rear",GP,Gasoline (Premium Unleaded Recommended),2500,2500,1,Two Seaters,1/30/2014,447,318,389
Jaguar,F-TYPE R Coupe,8,Auto(S8),16,23,18,SC,Supercharged,Semi-Automatic,R,"2-Wheel Drive, Rear",GP,Gasoline (Premium Unleaded Recommended),3150,3150,1,Two Seaters,1/30/2014,570,386,487
Jaguar,F-TYPE S Convertible,6,Auto(S8),19,27,22,SC,Supercharged,Semi-Automatic,R,"2-Wheel Drive, Rear",GP,Gasoline (Premium Unleaded Recommended),2600,2600,1,Two Seaters,1/30/2014,464,329,403
Jaguar,F-TYPE S Coupe,6,Auto(S8),19,27,22,SC,Supercharged,Semi-Automatic,R,"2-Wheel Drive, Rear",GP,Gasoline (Premium Unleaded Recommended),2600,2600,1,Two Seaters,1/30/2014,464,329,403
Jaguar,F-TYPE V8 S Convertible,8,Auto(S8),16,23,18,SC,Supercharged,Semi-Automatic,R,"2-Wheel Drive, Rear",GP,Gasoline (Premium Unleaded Recommended),3150,3150,1,Two Seaters,1/30/2014,570,386,487
Jaguar,XK,8,Auto(S6),16,24,19,NA,Naturally Aspirated,Semi-Automatic,R,"2-Wheel Drive, Rear",GP,Gasoline (Premium Unleaded Recommended),3000,3000,2,Minicompact Cars,1/30/2014,556,373,474
Jaguar,XK,8,Auto(S6),15,22,18,SC,Supercharged,Semi-Automatic,R,"2-Wheel Drive, Rear",GP,Gasoline (Premium Unleaded Recommended),3150,3150,2,Minicompact Cars,1/30/2014,588,411,508
Jaguar,XK Convertible,8,Auto(S6),16,22,18,NA,Naturally Aspirated,Semi-Automatic,R,"2-Wheel Drive, Rear",GP,Gasoline (Premium Unleaded Recommended),3150,3150,2,Minicompact Cars,1/30/2014,565,398,490
Jaguar,XK Convertible,8,Auto(S6),15,22,17,SC,Supercharged,Semi-Automatic,R,"2-Wheel Drive, Rear",GP,Gasoline (Premium Unleaded Recommended),3350,3350,2,Minicompact Cars,1/30/2014,601,411,515
Jaguar,XF,4,Auto(S8),19,30,23,TC,Turbocharged,Semi-Automatic,R,"2-Wheel Drive, Rear",GPR,Gasoline (Premium Unleaded Required),2500,2500,5,Midsize Cars,5/12/2014,462,296,387
Jaguar,XF,8,Auto(S8),15,23,18,SC,Supercharged,Semi-Automatic,R,"2-Wheel Drive, Rear",GP,Gasoline (Premium Unleaded Recommended),3150,3150,5,Midsize Cars,1/30/2014,592,388,500
Jaguar,XF AWD,6,Auto(S8),17,27,20,SC,Supercharged,Semi-Automatic,A,All Wheel Drive,GP,Gasoline (Premium Unleaded Recommended),2850,2850,5,Midsize Cars,6/20/2014,524,329,437
Jaguar,XF FFV,8,Auto(S8),15,23,18,SC,Supercharged,Semi-Automatic,R,"2-Wheel Drive, Rear",GP,Gasoline (Premium Unleaded Recommended),3150,3150,5,Midsize Cars,5/12/2014,592,388,500
Jaguar,XJ,8,Auto(S8),15,23,18,SC,Supercharged,Semi-Automatic,R,"2-Wheel Drive, Rear",GP,Gasoline (Premium Unleaded Recommended),3150,3150,6,Large Cars,1/30/2014,599,387,504
Jaguar,XJ AWD,6,Auto(S8),16,24,19,SC,Supercharged,Semi-Automatic,A,All Wheel Drive,GP,Gasoline (Premium Unleaded Recommended),3000,3000,6,Large Cars,7/1/2014,553,364,468
Jaguar,XJ FFV,6,Auto(S8),18,27,21,SC,Supercharged,Semi-Automatic,R,"2-Wheel Drive, Rear",GP,Gasoline (Premium Unleaded Recommended),2700,2700,6,Large Cars,7/1/2014,497,329,421
Jaguar,XJ FFV,8,Auto(S8),15,23,18,SC,Supercharged,Semi-Automatic,R,"2-Wheel Drive, Rear",GP,Gasoline (Premium Unleaded Recommended),3150,3150,6,Large Cars,7/1/2014,599,387,504
Jaguar,XJL,8,Auto(S8),15,23,18,SC,Supercharged,Semi-Automatic,R,"2-Wheel Drive, Rear",GP,Gasoline (Premium Unleaded Recommended),3150,3150,6,Large Cars,1/30/2014,599,387,504
Jaguar,XJL AWD,6,Auto(S8),16,24,19,SC,Supercharged,Semi-Automatic,A,All Wheel Drive,GP,Gasoline (Premium Unleaded Recommended),3000,3000,6,Large Cars,7/1/2014,558,364,471
Jaguar,XJL FFV,6,Auto(S8),17,27,20,SC,Supercharged,Semi-Automatic,R,"2-Wheel Drive, Rear",GP,Gasoline (Premium Unleaded Recommended),2850,2850,6,Large Cars,7/1/2014,535,328,442
Jaguar,XJL FFV,8,Auto(S8),15,23,18,SC,Supercharged,Semi-Automatic,R,"2-Wheel Drive, Rear",GP,Gasoline (Premium Unleaded Recommended),3150,3150,6,Large Cars,7/1/2014,599,387,504
KIA,Forte Koup,4,Auto(S6),22,30,25,TC,Turbocharged,Semi-Automatic,F,"2-Wheel Drive, Front",G,Gasoline (Regular Unleaded Recommended),2100,2100,4,Compact Cars,5/26/2014,397,292,350
KIA,Forte Koup,4,Manual(M6),22,29,25,TC,Turbocharged,Manual,F,"2-Wheel Drive, Front",G,Gasoline (Regular Unleaded Recommended),2100,2100,4,Compact Cars,5/26/2014,402,303,357
KIA,Forte Koup,4,Auto(S6),25,34,28,NA,Naturally Aspirated,Semi-Automatic,F,"2-Wheel Drive, Front",G,Gasoline (Regular Unleaded Recommended),1900,1900,4,Compact Cars,5/26/2014,356,262,314
KIA,Forte Koup,4,Manual(M6),24,33,27,NA,Naturally Aspirated,Manual,F,"2-Wheel Drive, Front",G,Gasoline (Regular Unleaded Recommended),1950,1950,4,Compact Cars,5/26/2014,367,270,323
KIA,Forte,4,Auto(S6),26,39,31,NA,Naturally Aspirated,Semi-Automatic,F,"2-Wheel Drive, Front",G,Gasoline (Regular Unleaded Recommended),1700,1700,5,Midsize Cars,5/26/2014,337,230,289
KIA,Forte,4,Manual(M6),25,37,30,NA,Naturally Aspirated,Manual,F,"2-Wheel Drive, Front",G,Gasoline (Regular Unleaded Recommended),1750,1750,5,Midsize Cars,5/26/2014,350,237,299
KIA,Forte,4,Auto(S6),25,36,29,NA,Naturally Aspirated,Semi-Automatic,F,"2-Wheel Drive, Front",G,Gasoline (Regular Unleaded Recommended),1800,1800,5,Midsize Cars,5/26/2014,360,250,310
KIA,OPTIMA,4,Auto(S6),20,31,24,TC,Turbocharged,Semi-Automatic,F,"2-Wheel Drive, Front",G,Gasoline (Regular Unleaded Recommended),2200,2200,5,Midsize Cars,5/9/2014,437,286,369
KIA,OPTIMA,4,Auto(S6),23,34,27,NA,Naturally Aspirated,Semi-Automatic,F,"2-Wheel Drive, Front",G,Gasoline (Regular Unleaded Recommended),1950,1950,5,Midsize Cars,5/9/2014,387,260,330
KIA,Cadenza,6,Auto(A6),19,28,22,NA,Naturally Aspirated,Automatic,F,"2-Wheel Drive, Front",G,Gasoline (Regular Unleaded Recommended),2400,2400,6,Large Cars,4/15/2014,477,316,404
KIA,Forte 5,4,Auto(S6),21,29,24,TC,Turbocharged,Semi-Automatic,F,"2-Wheel Drive, Front",G,Gasoline (Regular Unleaded Recommended),2200,2200,6,Large Cars,5/26/2014,419,304,367
KIA,Forte 5,4,Manual(M6),21,29,24,TC,Turbocharged,Manual,F,"2-Wheel Drive, Front",G,Gasoline (Regular Unleaded Recommended),2200,2200,6,Large Cars,5/26/2014,413,306,365
KIA,Forte 5,4,Auto(S6),25,33,28,NA,Naturally Aspirated,Semi-Automatic,F,"2-Wheel Drive, Front",G,Gasoline (Regular Unleaded Recommended),1900,1900,6,Large Cars,5/26/2014,358,266,317
KIA,K900,6,Auto(A8),18,27,21,NA,Naturally Aspirated,Automatic,R,"2-Wheel Drive, Rear",G,Gasoline (Regular Unleaded Recommended),2500,2500,6,Large Cars,1/2/2014,501,335,427
KIA,K900,8,Auto(A8),15,23,18,NA,Naturally Aspirated,Automatic,R,"2-Wheel Drive, Rear",GP,Gasoline (Premium Unleaded Recommended),3150,3150,6,Large Cars,1/2/2014,584,384,494
KIA,Soul,4,Auto(S6),24,30,26,NA,Naturally Aspirated,Semi-Automatic,F,"2-Wheel Drive, Front",G,Gasoline (Regular Unleaded Recommended),2000,2000,7,Small Station Wagons,7/1/2014,365,291,332
KIA,Soul,4,Manual(M6),24,30,26,NA,Naturally Aspirated,Manual,F,"2-Wheel Drive, Front",G,Gasoline (Regular Unleaded Recommended),2000,2000,7,Small Station Wagons,7/1/2014,370,291,335
KIA,Soul,4,Auto(S6),23,31,26,NA,Naturally Aspirated,Semi-Automatic,F,"2-Wheel Drive, Front",G,Gasoline (Regular Unleaded Recommended),2000,2000,7,Small Station Wagons,7/1/2014,382,291,341
KIA,Soul ECO dynamics,4,Auto(S6),24,31,27,NA,Naturally Aspirated,Semi-Automatic,F,"2-Wheel Drive, Front",G,Gasoline (Regular Unleaded Recommended),1950,1950,7,Small Station Wagons,7/1/2014,369,292,334
KIA,Sorento FWD,4,Auto(A6),20,27,23,NA,Naturally Aspirated,Automatic,F,"2-Wheel Drive, Front",G,Gasoline (Regular Unleaded Recommended),2300,2300,30,Small SUV 2WD,1/2/2014,440,325,388
KIA,Sorento FWD,6,Auto(A6),18,25,21,NA,Naturally Aspirated,Automatic,F,"2-Wheel Drive, Front",G,Gasoline (Regular Unleaded Recommended),2500,2500,30,Small SUV 2WD,1/2/2014,484,354,425
KIA,Sportage FWD,4,Auto(A6),20,26,23,TC,Turbocharged,Automatic,F,"2-Wheel Drive, Front",G,Gasoline (Regular Unleaded Recommended),2300,2300,30,Small SUV 2WD,6/2/2014,436,339,393
KIA,Sportage FWD,4,Auto(A6),21,28,24,NA,Naturally Aspirated,Automatic,F,"2-Wheel Drive, Front",G,Gasoline (Regular Unleaded Recommended),2200,2200,30,Small SUV 2WD,6/2/2014,426,309,373
KIA,Sorento AWD,4,Auto(A6),19,25,22,NA,Naturally Aspirated,Automatic,A,All Wheel Drive,G,Gasoline (Regular Unleaded Recommended),2400,2400,31,Small SUV 4WD,1/2/2014,455,350,408
KIA,Sorento AWD,6,Auto(A6),18,24,20,NA,Naturally Aspirated,Automatic,A,All Wheel Drive,G,Gasoline (Regular Unleaded Recommended),2600,2600,31,Small SUV 4WD,1/2/2014,506,378,449
KIA,Sportage AWD,4,Auto(A6),19,24,21,TC,Turbocharged,Automatic,A,All Wheel Drive,G,Gasoline (Regular Unleaded Recommended),2500,2500,31,Small SUV 4WD,6/2/2014,470,360,421
KIA,Sportage AWD,4,Auto(A6),19,26,22,NA,Naturally Aspirated,Automatic,A,All Wheel Drive,G,Gasoline (Regular Unleaded Recommended),2400,2400,31,Small SUV 4WD,6/2/2014,451,339,400
Lamborghini,Huracan,10,Auto(AM-S7),14,20,16,NA,Naturally Aspirated,Automated Manual- Selectable (e.g. Automated Manual with paddles),A,All Wheel Drive,GP,Gasoline (Premium Unleaded Recommended),3550,3550,1,Two Seaters,5/12/2014,629,441,544
Land Rover,LR2,4,Auto(S9),17,24,20,TC,Turbocharged,Semi-Automatic,4,4-Wheel Drive,GPR,Gasoline (Premium Unleaded Required),2850,2850,31,Small SUV 4WD,5/1/2014,509,376,450
Lexus,RX 350,6,Auto(S6),18,25,21,NA,Naturally Aspirated,Semi-Automatic,F,"2-Wheel Drive, Front",G,Gasoline (Regular Unleaded Recommended),2500,2500,30,Small SUV 2WD,3/10/2014,487,356,428
Lexus,RX 450h,6,Auto(AV-S6),32,28,30,NA,Naturally Aspirated,Selectable Continuously Variable (e.g. CVT with paddles),F,"2-Wheel Drive, Front",GPR,Gasoline (Premium Unleaded Required),1900,1900,30,Small SUV 2WD,3/10/2014,281,317,297
Lexus,RX 350 AWD,6,Auto(S6),18,24,20,NA,Naturally Aspirated,Semi-Automatic,A,All Wheel Drive,G,Gasoline (Regular Unleaded Recommended),2600,2600,31,Small SUV 4WD,3/10/2014,506,370,445
Lexus,RX 350 AWD,6,Auto(S8),18,26,21,NA,Naturally Aspirated,Semi-Automatic,A,All Wheel Drive,G,Gasoline (Regular Unleaded Recommended),2500,2500,31,Small SUV 4WD,3/10/2014,482,345,420
Lexus,RX 450h AWD,6,Auto(AV-S6),30,28,29,NA,Naturally Aspirated,Selectable Continuously Variable (e.g. CVT with paddles),A,All Wheel Drive,GPR,Gasoline (Premium Unleaded Required),1950,1950,31,Small SUV 4WD,3/10/2014,299,320,309
Lincoln,MKZ AWD,4,Auto(S6),22,31,25,TC,Turbocharged,Semi-Automatic,A,All Wheel Drive,G,Gasoline (Regular Unleaded Recommended),2100,2100,5,Midsize Cars,6/23/2014,410,284,354
Lincoln,MKZ FWD,4,Auto(S6),22,33,26,TC,Turbocharged,Semi-Automatic,F,"2-Wheel Drive, Front",G,Gasoline (Regular Unleaded Recommended),2000,2000,5,Midsize Cars,6/23/2014,396,267,338
Lincoln,MKS AWD,6,Auto(S6),17,25,20,TC,Turbocharged,Semi-Automatic,A,All Wheel Drive,G,Gasoline (Regular Unleaded Recommended),2600,2600,6,Large Cars,6/5/2014,524,357,449
Lincoln,MKC  FWD,4,Auto(S6),20,29,23,TC,Turbocharged,Semi-Automatic,F,"2-Wheel Drive, Front",G,Gasoline (Regular Unleaded Recommended),2300,2300,30,Small SUV 2WD,5/19/2014,445,307,387
Lincoln,MKC  AWD,4,Auto(S6),19,26,22,TC,Turbocharged,Semi-Automatic,A,All Wheel Drive,G,Gasoline (Regular Unleaded Recommended),2400,2400,31,Small SUV 4WD,5/19/2014,468,343,404
Lincoln,MKC  AWD,4,Auto(S6),18,26,21,TC,Turbocharged,Semi-Automatic,A,All Wheel Drive,G,Gasoline (Regular Unleaded Recommended),2500,2500,31,Small SUV 4WD,5/19/2014,489,347,425
Maserati,GRANTURISMO,8,Auto(A6),13,21,16,NA,Naturally Aspirated,Automatic,R,"2-Wheel Drive, Rear",GPR,Gasoline (Premium Unleaded Required),3550,3550,3,Subcompact Cars,6/20/2014,690,432,574
Maserati,GRANTURISMO CONVERTIBLE,8,Auto(A6),13,20,15,NA,Naturally Aspirated,Automatic,R,"2-Wheel Drive, Rear",GPR,Gasoline (Premium Unleaded Required),3800,3800,3,Subcompact Cars,6/20/2014,697,436,579
Maserati,Ghibli V6,6,Auto(A8),15,25,19,TC,Turbocharged,Automatic,R,"2-Wheel Drive, Rear",GPR,Gasoline (Premium Unleaded Required),3000,3000,5,Midsize Cars,6/20/2014,578,364,482
Maserati,Ghibli V6 SQ4,6,Auto(A8),15,25,18,TC,Turbocharged,Automatic,A,All Wheel Drive,GPR,Gasoline (Premium Unleaded Required),3150,3150,5,Midsize Cars,6/20/2014,593,360,488
Maserati,QUATTROPORTE GTS,8,Auto(A8),13,22,16,TC,Turbocharged,Automatic,R,"2-Wheel Drive, Rear",GPR,Gasoline (Premium Unleaded Required),3550,3550,6,Large Cars,6/20/2014,665,405,548
Maserati,QUATTROPORTE SQ4 V6,6,Auto(A8),15,24,18,TC,Turbocharged,Automatic,A,All Wheel Drive,GPR,Gasoline (Premium Unleaded Required),3150,3150,6,Large Cars,6/20/2014,595,368,493
Mazda,MX-5,4,Auto(S6),21,28,23,NA,Naturally Aspirated,Semi-Automatic,R,"2-Wheel Drive, Rear",GP,Gasoline (Premium Unleaded Recommended),2500,2500,1,Two Seaters,4/25/2014,423,316,375
Mazda,MX-5,4,Manual(M5),22,28,25,NA,Naturally Aspirated,Manual,R,"2-Wheel Drive, Rear",GP,Gasoline (Premium Unleaded Recommended),2300,2300,1,Two Seaters,4/25/2014,390,315,356
Mazda,MX-5,4,Manual(M6),21,28,24,NA,Naturally Aspirated,Manual,R,"2-Wheel Drive, Rear",GP,Gasoline (Premium Unleaded Recommended),2400,2400,1,Two Seaters,4/25/2014,411,314,368
Mazda,MAZDA 6,4,Auto(S6),26,38,30,NA,Naturally Aspirated,Semi-Automatic,F,"2-Wheel Drive, Front",G,Gasoline (Regular Unleaded Recommended),1750,1750,5,Midsize Cars,1/2/2014,340,236,293
Mazda,MAZDA 6,4,Auto(S6),28,40,32,NA,Naturally Aspirated,Semi-Automatic,F,"2-Wheel Drive, Front",G,Gasoline (Regular Unleaded Recommended),1650,1650,5,Midsize Cars,1/2/2014,318,223,275
Mazda,MAZDA 6,4,Manual(M6),25,37,29,NA,Naturally Aspirated,Manual,F,"2-Wheel Drive, Front",G,Gasoline (Regular Unleaded Recommended),1800,1800,5,Midsize Cars,1/2/2014,355,242,304
Mazda,CX-5 2WD,4,Auto(S6),26,32,29,NA,Naturally Aspirated,Semi-Automatic,F,"2-Wheel Drive, Front",G,Gasoline (Regular Unleaded Recommended),1800,1800,30,Small SUV 2WD,1/2/2014,335,274,307
Mazda,CX-5 2WD,4,Manual(M6),26,35,29,NA,Naturally Aspirated,Manual,F,"2-Wheel Drive, Front",G,Gasoline (Regular Unleaded Recommended),1800,1800,30,Small SUV 2WD,1/2/2014,339,256,302
Mazda,CX-5 2WD,4,Auto(S6),25,32,27,NA,Naturally Aspirated,Semi-Automatic,F,"2-Wheel Drive, Front",G,Gasoline (Regular Unleaded Recommended),1950,1950,30,Small SUV 2WD,1/2/2014,360,280,324
Mazda,CX-5 4WD,4,Auto(S6),25,31,28,NA,Naturally Aspirated,Semi-Automatic,4,4-Wheel Drive,G,Gasoline (Regular Unleaded Recommended),1900,1900,31,Small SUV 4WD,1/2/2014,349,287,321
Mazda,CX-5 4WD,4,Auto(S6),24,30,26,NA,Naturally Aspirated,Semi-Automatic,4,4-Wheel Drive,G,Gasoline (Regular Unleaded Recommended),2000,2000,31,Small SUV 4WD,1/2/2014,372,297,338
Mercedes-Benz,SLS AMG GT Coupe,8,Auto(AM7),13,19,15,NA,Naturally Aspirated,Automated Manual,R,"2-Wheel Drive, Rear",GPR,Gasoline (Premium Unleaded Required),3800,3800,1,Two Seaters,4/22/2014,688,475,592
Mercedes-Benz,SLS AMG GT Roadster,8,Auto(AM7),13,19,15,NA,Naturally Aspirated,Automated Manual,R,"2-Wheel Drive, Rear",GPR,Gasoline (Premium Unleaded Required),3800,3800,1,Two Seaters,4/22/2014,688,475,592
Mercedes-Benz,Smart fortwo (Convertible),3,Auto(AM5),34,38,36,NA,Naturally Aspirated,Automated Manual,R,"2-Wheel Drive, Rear",GPR,Gasoline (Premium Unleaded Required),1600,1600,1,Two Seaters,6/3/2014,256,228,244
Mercedes-Benz,Smart fortwo (COUPE),3,Auto(AM5),34,38,36,NA,Naturally Aspirated,Automated Manual,R,"2-Wheel Drive, Rear",GPR,Gasoline (Premium Unleaded Required),1600,1600,1,Two Seaters,6/3/2014,256,228,244
Mercedes-Benz,S 550,8,Auto(A7),17,26,20,TC,Turbocharged,Automatic,R,"2-Wheel Drive, Rear",GPR,Gasoline (Premium Unleaded Required),2850,2850,6,Large Cars,4/28/2014,528,341,444
Mercedes-Benz,S 550 4MATIC,8,Auto(A7),16,26,19,TC,Turbocharged,Automatic,4,4-Wheel Drive,GPR,Gasoline (Premium Unleaded Required),3000,3000,6,Large Cars,4/28/2014,557,346,462
Mercedes-Benz,S 600,12,Auto(A7),12,21,15,TC,Turbocharged,Automatic,R,"2-Wheel Drive, Rear",GPR,Gasoline (Premium Unleaded Required),3800,3800,6,Large Cars,5/27/2014,712,419,580
Mercedes-Benz,S 63 AMG 4MATIC,8,Auto(A7),15,23,18,TC,Turbocharged,Automatic,4,4-Wheel Drive,GPR,Gasoline (Premium Unleaded Required),3150,3150,6,Large Cars,4/28/2014,593,383,499
Mercedes-Benz,S 65 AMG,12,Auto(A7),13,20,15,TC,Turbocharged,Automatic,R,"2-Wheel Drive, Rear",GPR,Gasoline (Premium Unleaded Required),3800,3800,6,Large Cars,5/27/2014,694,443,581
Mercedes-Benz,GLK 350,6,Auto(A7),19,26,22,NA,Naturally Aspirated,Automatic,R,"2-Wheel Drive, Rear",GPR,Gasoline (Premium Unleaded Required),2600,2600,30,Small SUV 2WD,6/6/2014,468,345,413
Mercedes-Benz,GLK 350,6,Auto(A7),19,25,21,NA,Naturally Aspirated,Automatic,R,"2-Wheel Drive, Rear",GPR,Gasoline (Premium Unleaded Required),2700,2700,30,Small SUV 2WD,6/16/2014,474,350,418
Mercedes-Benz,GLK 350 4MATIC,6,Auto(A7),18,24,20,NA,Naturally Aspirated,Automatic,4,4-Wheel Drive,GPR,Gasoline (Premium Unleaded Required),2850,2850,31,Small SUV 4WD,6/6/2014,492,386,444
Mercedes-Benz,GLK 350 4MATIC,6,Auto(A7),18,25,21,NA,Naturally Aspirated,Automatic,4,4-Wheel Drive,GPR,Gasoline (Premium Unleaded Required),2700,2700,31,Small SUV 4WD,7/1/2014,488,360,430
Mini,Mini Cooper Coupe,4,Auto(S6),28,36,31,NA,Naturally Aspirated,Semi-Automatic,F,"2-Wheel Drive, Front",GP,Gasoline (Premium Unleaded Recommended),1850,1850,1,Two Seaters,3/27/2014,321,246,287
Mini,Mini Cooper Coupe,4,Manual(M6),29,37,32,NA,Naturally Aspirated,Manual,F,"2-Wheel Drive, Front",GP,Gasoline (Premium Unleaded Recommended),1800,1800,1,Two Seaters,3/27/2014,303,241,275
Mini,Mini Cooper Roadster,4,Auto(S6),26,34,29,NA,Naturally Aspirated,Semi-Automatic,F,"2-Wheel Drive, Front",GP,Gasoline (Premium Unleaded Recommended),1950,1950,1,Two Seaters,3/27/2014,335,257,300
Mini,Mini Cooper Roadster,4,Manual(M6),27,34,30,NA,Naturally Aspirated,Manual,F,"2-Wheel Drive, Front",GP,Gasoline (Premium Unleaded Recommended),1900,1900,1,Two Seaters,3/27/2014,327,264,298
Mini,Mini Cooper S Coupe,4,Auto(S6),25,34,28,TC,Turbocharged,Semi-Automatic,F,"2-Wheel Drive, Front",GP,Gasoline (Premium Unleaded Recommended),2050,2050,1,Two Seaters,3/27/2014,352,264,312
Mini,Mini Cooper S Coupe,4,Manual(M6),26,35,29,TC,Turbocharged,Manual,F,"2-Wheel Drive, Front",GP,Gasoline (Premium Unleaded Recommended),1950,1950,1,Two Seaters,3/28/2014,340,255,302
Mini,Mini Cooper S Roadster,4,Auto(S6),25,34,28,TC,Turbocharged,Semi-Automatic,F,"2-Wheel Drive, Front",GP,Gasoline (Premium Unleaded Recommended),2050,2050,1,Two Seaters,3/27/2014,352,264,312
Mini,Mini Cooper S Roadster,4,Manual(M6),26,35,29,TC,Turbocharged,Manual,F,"2-Wheel Drive, Front",GP,Gasoline (Premium Unleaded Recommended),1950,1950,1,Two Seaters,3/28/2014,340,255,302
Mini,Mini John Cooper Works Coupe,4,Auto(S6),25,34,28,TC,Turbocharged,Semi-Automatic,F,"2-Wheel Drive, Front",GP,Gasoline (Premium Unleaded Recommended),2050,2050,1,Two Seaters,3/27/2014,352,264,312
Mini,Mini John Cooper Works Coupe,4,Manual(M6),26,35,29,TC,Turbocharged,Manual,F,"2-Wheel Drive, Front",GP,Gasoline (Premium Unleaded Recommended),1950,1950,1,Two Seaters,3/28/2014,340,255,302
Mini,Mini John Cooper Works Roadster,4,Auto(S6),25,34,28,TC,Turbocharged,Semi-Automatic,F,"2-Wheel Drive, Front",GP,Gasoline (Premium Unleaded Recommended),2050,2050,1,Two Seaters,3/27/2014,352,264,312
Mini,Mini John Cooper Works Roadster,4,Manual(M6),26,35,29,TC,Turbocharged,Manual,F,"2-Wheel Drive, Front",GP,Gasoline (Premium Unleaded Recommended),1950,1950,1,Two Seaters,3/28/2014,340,255,302
Mini,Mini Cooper Convertible,4,Auto(S6),26,34,29,NA,Naturally Aspirated,Semi-Automatic,F,"2-Wheel Drive, Front",GP,Gasoline (Premium Unleaded Recommended),1950,1950,2,Minicompact Cars,3/27/2014,335,257,300
Mini,Mini Cooper Convertible,4,Manual(M6),27,34,30,NA,Naturally Aspirated,Manual,F,"2-Wheel Drive, Front",GP,Gasoline (Premium Unleaded Recommended),1900,1900,2,Minicompact Cars,3/27/2014,327,264,298
Mini,Mini Cooper S Convertible,4,Auto(S6),25,34,28,TC,Turbocharged,Semi-Automatic,F,"2-Wheel Drive, Front",GP,Gasoline (Premium Unleaded Recommended),2050,2050,2,Minicompact Cars,3/27/2014,352,264,312
Mini,Mini Cooper S Convertible,4,Manual(M6),26,35,29,TC,Turbocharged,Manual,F,"2-Wheel Drive, Front",GP,Gasoline (Premium Unleaded Recommended),1950,1950,2,Minicompact Cars,3/28/2014,340,255,302
Mini,Mini John Cooper Works Conv.,4,Auto(S6),25,34,28,TC,Turbocharged,Semi-Automatic,F,"2-Wheel Drive, Front",GP,Gasoline (Premium Unleaded Recommended),2050,2050,2,Minicompact Cars,3/27/2014,352,264,312
Mini,Mini John Cooper Works Conv.,4,Manual(M6),26,35,29,TC,Turbocharged,Manual,F,"2-Wheel Drive, Front",GP,Gasoline (Premium Unleaded Recommended),1950,1950,2,Minicompact Cars,3/28/2014,340,255,302
Mini,Mini Cooper Countryman,4,Auto(S6),25,30,27,NA,Naturally Aspirated,Semi-Automatic,F,"2-Wheel Drive, Front",GP,Gasoline (Premium Unleaded Recommended),2100,2100,4,Compact Cars,3/27/2014,355,296,328
Mini,Mini Cooper Countryman,4,Manual(M6),27,34,30,NA,Naturally Aspirated,Manual,F,"2-Wheel Drive, Front",GP,Gasoline (Premium Unleaded Recommended),1900,1900,4,Compact Cars,3/27/2014,327,264,298
Mini,Mini Cooper Paceman,4,Auto(S6),25,30,27,NA,Naturally Aspirated,Semi-Automatic,F,"2-Wheel Drive, Front",GP,Gasoline (Premium Unleaded Recommended),2100,2100,4,Compact Cars,3/27/2014,355,296,328
Mini,Mini Cooper Paceman,4,Manual(M6),27,34,30,NA,Naturally Aspirated,Manual,F,"2-Wheel Drive, Front",GP,Gasoline (Premium Unleaded Recommended),1900,1900,4,Compact Cars,3/27/2014,327,264,298
Mini,Mini Cooper S Countryman,4,Auto(S6),25,32,28,TC,Turbocharged,Semi-Automatic,F,"2-Wheel Drive, Front",GP,Gasoline (Premium Unleaded Recommended),2050,2050,4,Compact Cars,3/27/2014,352,275,318
Mini,Mini Cooper S Countryman,4,Manual(M6),26,32,29,TC,Turbocharged,Manual,F,"2-Wheel Drive, Front",GP,Gasoline (Premium Unleaded Recommended),1950,1950,4,Compact Cars,3/28/2014,337,275,309
Mini,Mini Cooper S Countryman All4,4,Auto(S6),23,30,26,TC,Turbocharged,Semi-Automatic,A,All Wheel Drive,GP,Gasoline (Premium Unleaded Recommended),2200,2200,4,Compact Cars,3/27/2014,380,292,340
Mini,Mini Cooper S Countryman All4,4,Manual(M6),25,31,27,TC,Turbocharged,Manual,A,All Wheel Drive,GP,Gasoline (Premium Unleaded Recommended),2100,2100,4,Compact Cars,3/28/2014,353,287,323
Mini,Mini Cooper S Paceman,4,Auto(S6),25,32,28,TC,Turbocharged,Semi-Automatic,F,"2-Wheel Drive, Front",GP,Gasoline (Premium Unleaded Recommended),2050,2050,4,Compact Cars,3/27/2014,352,275,318
Mini,Mini Cooper S Paceman,4,Manual(M6),26,32,29,TC,Turbocharged,Manual,F,"2-Wheel Drive, Front",GP,Gasoline (Premium Unleaded Recommended),1950,1950,4,Compact Cars,3/28/2014,337,275,309
Mini,Mini Cooper S Paceman ALL4,4,Auto(S6),23,30,26,TC,Turbocharged,Semi-Automatic,A,All Wheel Drive,GP,Gasoline (Premium Unleaded Recommended),2200,2200,4,Compact Cars,3/27/2014,380,292,340
Mini,Mini Cooper S Paceman ALL4,4,Manual(M6),25,31,27,TC,Turbocharged,Manual,A,All Wheel Drive,GP,Gasoline (Premium Unleaded Recommended),2100,2100,4,Compact Cars,3/28/2014,353,287,323
Mini,Mini JCW Countryman ALL4,4,Auto(S6),23,30,26,TC,Turbocharged,Semi-Automatic,A,All Wheel Drive,GP,Gasoline (Premium Unleaded Recommended),2200,2200,4,Compact Cars,3/27/2014,380,292,340
Mini,Mini JCW Countryman ALL4,4,Manual(M6),25,31,27,TC,Turbocharged,Manual,A,All Wheel Drive,GP,Gasoline (Premium Unleaded Recommended),2100,2100,4,Compact Cars,3/28/2014,353,287,323
Mini,Mini JCW Paceman ALL4,4,Auto(S6),23,30,26,TC,Turbocharged,Semi-Automatic,A,All Wheel Drive,GP,Gasoline (Premium Unleaded Recommended),2200,2200,4,Compact Cars,3/27/2014,380,292,340
Mini,Mini JCW Paceman ALL4,4,Manual(M6),25,31,27,TC,Turbocharged,Manual,A,All Wheel Drive,GP,Gasoline (Premium Unleaded Recommended),2100,2100,4,Compact Cars,3/28/2014,353,287,323
Mitsubishi,MIRAGE,3,Auto(AV),37,44,40,NA,Naturally Aspirated,Continuously Variable,F,"2-Wheel Drive, Front",G,Gasoline (Regular Unleaded Recommended),1300,1300,4,Compact Cars,6/1/2014,241,199,222
Mitsubishi,MIRAGE,3,Manual(M5),34,42,37,NA,Naturally Aspirated,Manual,F,"2-Wheel Drive, Front",G,Gasoline (Regular Unleaded Recommended),1400,1400,4,Compact Cars,6/1/2014,262,208,238
Mitsubishi,OUTLANDER SPORT 2WD,4,Manual(M5),24,30,26,NA,Naturally Aspirated,Manual,F,"2-Wheel Drive, Front",G,Gasoline (Regular Unleaded Recommended),2000,2000,30,Small SUV 2WD,7/1/2014,373,298,339
Mitsubishi,OUTLANDER 4WD,6,Auto(S6),20,28,23,NA,Naturally Aspirated,Semi-Automatic,4,4-Wheel Drive,GP,Gasoline (Premium Unleaded Recommended),2500,2500,31,Small SUV 4WD,7/1/2014,433,318,381
Nissan,GT-R,6,Auto(AM6),16,23,19,TC,Turbocharged,Automated Manual,A,All Wheel Drive,GPR,Gasoline (Premium Unleaded Required),3000,3000,3,Subcompact Cars,1/3/2014,536,394,472
Nissan,VERSA,4,Auto(A4),26,35,30,NA,Naturally Aspirated,Automatic,F,"2-Wheel Drive, Front",G,Gasoline (Regular Unleaded Recommended),1750,1750,4,Compact Cars,4/22/2014,341,254,297
Nissan,VERSA,4,Auto(AV),31,40,35,NA,Naturally Aspirated,Continuously Variable,F,"2-Wheel Drive, Front",G,Gasoline (Regular Unleaded Recommended),1500,1500,4,Compact Cars,4/22/2014,282,223,255
Nissan,VERSA,4,Manual(M5),27,36,30,NA,Naturally Aspirated,Manual,F,"2-Wheel Drive, Front",G,Gasoline (Regular Unleaded Recommended),1750,1750,4,Compact Cars,4/22/2014,328,247,296
Nissan,ALTIMA,4,Auto(AV),27,38,31,NA,Naturally Aspirated,Continuously Variable,F,"2-Wheel Drive, Front",G,Gasoline (Regular Unleaded Recommended),1700,1700,5,Midsize Cars,6/4/2014,328,232,284
Nissan,ALTIMA,6,Auto(AV-S7),22,32,26,NA,Naturally Aspirated,Selectable Continuously Variable (e.g. CVT with paddles),F,"2-Wheel Drive, Front",G,Gasoline (Regular Unleaded Recommended),2000,2000,5,Midsize Cars,6/4/2014,405,279,343
Porsche,911 GT3,6,Auto(AM-S7),15,20,17,NA,Naturally Aspirated,Automated Manual- Selectable (e.g. Automated Manual with paddles),R,"2-Wheel Drive, Rear",GP,Gasoline (Premium Unleaded Recommended),3350,3350,1,Two Seaters,6/23/2014,606,434,529
Porsche,Boxster,6,Auto(AM-S7),22,32,26,NA,Naturally Aspirated,Automated Manual- Selectable (e.g. Automated Manual with paddles),R,"2-Wheel Drive, Rear",GP,Gasoline (Premium Unleaded Recommended),2200,2200,1,Two Seaters,6/23/2014,406,279,349
Porsche,Boxster,6,Manual(M6),20,30,24,NA,Naturally Aspirated,Manual,R,"2-Wheel Drive, Rear",GP,Gasoline (Premium Unleaded Recommended),2400,2400,1,Two Seaters,6/23/2014,434,301,374
Porsche,Boxster GTS,6,Auto(AM-S7),22,31,25,NA,Naturally Aspirated,Automated Manual- Selectable (e.g. Automated Manual with paddles),R,"2-Wheel Drive, Rear",GP,Gasoline (Premium Unleaded Recommended),2300,2300,1,Two Seaters,6/23/2014,412,289,357
Porsche,Boxster GTS,6,Manual(M6),19,26,22,NA,Naturally Aspirated,Manual,R,"2-Wheel Drive, Rear",GP,Gasoline (Premium Unleaded Recommended),2600,2600,1,Two Seaters,6/23/2014,458,334,402
Porsche,Boxster S,6,Auto(AM-S7),21,30,24,NA,Naturally Aspirated,Automated Manual- Selectable (e.g. Automated Manual with paddles),R,"2-Wheel Drive, Rear",GP,Gasoline (Premium Unleaded Recommended),2400,2400,1,Two Seaters,6/23/2014,428,298,370
Porsche,Boxster S,6,Manual(M6),20,28,23,NA,Naturally Aspirated,Manual,R,"2-Wheel Drive, Rear",GP,Gasoline (Premium Unleaded Recommended),2500,2500,1,Two Seaters,6/23/2014,453,324,395
Porsche,Cayman,6,Auto(AM-S7),22,32,26,NA,Naturally Aspirated,Automated Manual- Selectable (e.g. Automated Manual with paddles),R,"2-Wheel Drive, Rear",GP,Gasoline (Premium Unleaded Recommended),2200,2200,1,Two Seaters,6/23/2014,406,279,349
Porsche,Cayman,6,Manual(M6),20,30,24,NA,Naturally Aspirated,Manual,R,"2-Wheel Drive, Rear",GP,Gasoline (Premium Unleaded Recommended),2400,2400,1,Two Seaters,6/23/2014,434,301,374
Porsche,Cayman GTS,6,Auto(AM-S7),22,31,25,NA,Naturally Aspirated,Automated Manual- Selectable (e.g. Automated Manual with paddles),R,"2-Wheel Drive, Rear",GP,Gasoline (Premium Unleaded Recommended),2300,2300,1,Two Seaters,6/23/2014,412,289,357
Porsche,Cayman GTS,6,Manual(M6),19,26,22,NA,Naturally Aspirated,Manual,R,"2-Wheel Drive, Rear",GP,Gasoline (Premium Unleaded Recommended),2600,2600,1,Two Seaters,6/23/2014,458,334,402
Porsche,Cayman S,6,Auto(AM-S7),21,30,24,NA,Naturally Aspirated,Automated Manual- Selectable (e.g. Automated Manual with paddles),R,"2-Wheel Drive, Rear",GP,Gasoline (Premium Unleaded Recommended),2400,2400,1,Two Seaters,6/23/2014,428,298,370
Porsche,Cayman S,6,Manual(M6),20,28,23,NA,Naturally Aspirated,Manual,R,"2-Wheel Drive, Rear",GP,Gasoline (Premium Unleaded Recommended),2500,2500,1,Two Seaters,6/23/2014,453,324,395
Porsche,911 Carrera,6,Auto(AM-S7),20,28,23,NA,Naturally Aspirated,Automated Manual- Selectable (e.g. Automated Manual with paddles),R,"2-Wheel Drive, Rear",GP,Gasoline (Premium Unleaded Recommended),2500,2500,2,Minicompact Cars,6/23/2014,441,315,384
Porsche,911 Carrera,6,Manual(M7),19,27,22,NA,Naturally Aspirated,Manual,R,"2-Wheel Drive, Rear",GP,Gasoline (Premium Unleaded Recommended),2600,2600,2,Minicompact Cars,6/23/2014,473,326,407
Porsche,911 Carrera 4,6,Auto(AM-S7),20,28,23,NA,Naturally Aspirated,Automated Manual- Selectable (e.g. Automated Manual with paddles),4,4-Wheel Drive,GP,Gasoline (Premium Unleaded Recommended),2500,2500,2,Minicompact Cars,6/23/2014,440,322,387
Porsche,911 Carrera 4,6,Manual(M7),19,27,22,NA,Naturally Aspirated,Manual,4,4-Wheel Drive,GP,Gasoline (Premium Unleaded Recommended),2600,2600,2,Minicompact Cars,6/23/2014,466,329,404
Porsche,911 Carrera 4 Cabriolet,6,Auto(AM-S7),20,27,22,NA,Naturally Aspirated,Automated Manual- Selectable (e.g. Automated Manual with paddles),4,4-Wheel Drive,GP,Gasoline (Premium Unleaded Recommended),2600,2600,2,Minicompact Cars,6/23/2014,449,331,396
Porsche,911 Carrera 4 Cabriolet,6,Manual(M7),19,26,22,NA,Naturally Aspirated,Manual,4,4-Wheel Drive,GP,Gasoline (Premium Unleaded Recommended),2600,2600,2,Minicompact Cars,6/23/2014,473,340,413
Porsche,911 Carrera 4S,6,Auto(AM-S7),19,26,22,NA,Naturally Aspirated,Automated Manual- Selectable (e.g. Automated Manual with paddles),4,4-Wheel Drive,GP,Gasoline (Premium Unleaded Recommended),2600,2600,2,Minicompact Cars,6/23/2014,462,338,406
Porsche,911 Carrera 4S,6,Manual(M7),18,26,21,NA,Naturally Aspirated,Manual,4,4-Wheel Drive,GP,Gasoline (Premium Unleaded Recommended),2700,2700,2,Minicompact Cars,6/23/2014,482,336,416
Porsche,911 Carrera 4S Cabriolet,6,Manual(M7),18,26,21,NA,Naturally Aspirated,Manual,4,4-Wheel Drive,GP,Gasoline (Premium Unleaded Recommended),2700,2700,2,Minicompact Cars,6/23/2014,487,344,423
Porsche,911 Carrera Cabriolet,6,Auto(AM-S7),21,28,23,NA,Naturally Aspirated,Automated Manual- Selectable (e.g. Automated Manual with paddles),R,"2-Wheel Drive, Rear",GP,Gasoline (Premium Unleaded Recommended),2500,2500,2,Minicompact Cars,6/23/2014,433,315,380
Porsche,911 Carrera Cabriolet,6,Manual(M7),19,27,22,NA,Naturally Aspirated,Manual,R,"2-Wheel Drive, Rear",GP,Gasoline (Premium Unleaded Recommended),2600,2600,2,Minicompact Cars,6/23/2014,465,328,404
Porsche,911 Carrera S,6,Auto(AM-S7),19,27,22,NA,Naturally Aspirated,Automated Manual- Selectable (e.g. Automated Manual with paddles),R,"2-Wheel Drive, Rear",GP,Gasoline (Premium Unleaded Recommended),2600,2600,2,Minicompact Cars,6/23/2014,455,328,398
Porsche,911 Carrera S,6,Manual(M7),19,27,22,NA,Naturally Aspirated,Manual,R,"2-Wheel Drive, Rear",GP,Gasoline (Premium Unleaded Recommended),2600,2600,2,Minicompact Cars,6/23/2014,469,328,406
Porsche,911 Carrera S Cabriolet,6,Auto(AM-S7),19,27,22,NA,Naturally Aspirated,Automated Manual- Selectable (e.g. Automated Manual with paddles),R,"2-Wheel Drive, Rear",GP,Gasoline (Premium Unleaded Recommended),2600,2600,2,Minicompact Cars,6/23/2014,468,328,405
Porsche,911 Carrera S Cabriolet,6,Manual(M7),19,27,22,NA,Naturally Aspirated,Manual,R,"2-Wheel Drive, Rear",GP,Gasoline (Premium Unleaded Recommended),2600,2600,2,Minicompact Cars,6/23/2014,472,335,410
Porsche,911 Targa 4,6,Auto(AM-S7),19,26,22,NA,Naturally Aspirated,Automated Manual- Selectable (e.g. Automated Manual with paddles),4,4-Wheel Drive,GP,Gasoline (Premium Unleaded Recommended),2600,2600,2,Minicompact Cars,6/23/2014,464,337,407
Porsche,911 Targa 4,6,Manual(M7),18,26,21,NA,Naturally Aspirated,Manual,4,4-Wheel Drive,GP,Gasoline (Premium Unleaded Recommended),2700,2700,2,Minicompact Cars,6/23/2014,485,341,420
Porsche,911 Targa 4S,6,Auto(AM-S7),18,25,21,NA,Naturally Aspirated,Automated Manual- Selectable (e.g. Automated Manual with paddles),4,4-Wheel Drive,GP,Gasoline (Premium Unleaded Recommended),2700,2700,2,Minicompact Cars,6/23/2014,483,350,423
Porsche,911 Targa 4S,6,Manual(M7),18,26,21,NA,Naturally Aspirated,Manual,4,4-Wheel Drive,GP,Gasoline (Premium Unleaded Recommended),2700,2700,2,Minicompact Cars,6/23/2014,496,349,430
Porsche,911 Turbo,6,Auto(AM-S7),17,24,20,TC,Turbocharged,Automated Manual- Selectable (e.g. Automated Manual with paddles),4,4-Wheel Drive,GP,Gasoline (Premium Unleaded Recommended),2850,2850,2,Minicompact Cars,6/23/2014,518,363,448
Porsche,911 Turbo S,6,Auto(AM-S7),17,24,20,TC,Turbocharged,Automated Manual- Selectable (e.g. Automated Manual with paddles),4,4-Wheel Drive,GP,Gasoline (Premium Unleaded Recommended),2850,2850,2,Minicompact Cars,6/23/2014,518,363,448
Porsche,Panamera,6,Auto(AM-S7),18,28,22,NA,Naturally Aspirated,Automated Manual- Selectable (e.g. Automated Manual with paddles),R,"2-Wheel Drive, Rear",GP,Gasoline (Premium Unleaded Recommended),2600,2600,6,Large Cars,6/16/2014,487,319,411
Porsche,Panamera 4,6,Auto(AM-S7),18,27,21,NA,Naturally Aspirated,Automated Manual- Selectable (e.g. Automated Manual with paddles),A,All Wheel Drive,GP,Gasoline (Premium Unleaded Recommended),2700,2700,6,Large Cars,6/16/2014,494,331,421
Porsche,Panamera 4S,6,Auto(AM-S7),17,27,21,TC,Turbocharged,Automated Manual- Selectable (e.g. Automated Manual with paddles),A,All Wheel Drive,GP,Gasoline (Premium Unleaded Recommended),2700,2700,6,Large Cars,6/16/2014,508,333,429
Porsche,Panamera 4S Executive,6,Auto(AM-S7),17,26,20,TC,Turbocharged,Automated Manual- Selectable (e.g. Automated Manual with paddles),A,All Wheel Drive,GP,Gasoline (Premium Unleaded Recommended),2850,2850,6,Large Cars,6/16/2014,517,336,436
Porsche,Panamera GTS,8,Auto(AM-S7),16,24,19,NA,Naturally Aspirated,Automated Manual- Selectable (e.g. Automated Manual with paddles),A,All Wheel Drive,GP,Gasoline (Premium Unleaded Recommended),3000,3000,6,Large Cars,6/16/2014,572,368,480
Porsche,Panamera S,6,Auto(AM-S7),17,27,21,TC,Turbocharged,Automated Manual- Selectable (e.g. Automated Manual with paddles),R,"2-Wheel Drive, Rear",GP,Gasoline (Premium Unleaded Recommended),2700,2700,6,Large Cars,6/16/2014,508,333,429
Porsche,Panamera Turbo,8,Auto(AM-S7),15,24,18,TC,Turbocharged,Automated Manual- Selectable (e.g. Automated Manual with paddles),A,All Wheel Drive,GP,Gasoline (Premium Unleaded Recommended),3150,3150,6,Large Cars,6/9/2014,577,368,483
Porsche,Panamera Turbo Executive,8,Auto(AM-S7),15,24,18,TC,Turbocharged,Automated Manual- Selectable (e.g. Automated Manual with paddles),A,All Wheel Drive,GP,Gasoline (Premium Unleaded Recommended),3150,3150,6,Large Cars,6/9/2014,583,372,488
Porsche,Panamera Turbo S,8,Auto(AM-S7),15,24,18,TC,Turbocharged,Automated Manual- Selectable (e.g. Automated Manual with paddles),A,All Wheel Drive,GP,Gasoline (Premium Unleaded Recommended),3150,3150,6,Large Cars,6/9/2014,577,368,483
Porsche,Panamera Turbo S Executive,8,Auto(AM-S7),15,24,18,TC,Turbocharged,Automated Manual- Selectable (e.g. Automated Manual with paddles),A,All Wheel Drive,GP,Gasoline (Premium Unleaded Recommended),3150,3150,6,Large Cars,6/9/2014,583,372,488
Porsche,Macan S,6,Auto(AM-S7),17,23,19,TC,Turbocharged,Automated Manual- Selectable (e.g. Automated Manual with paddles),A,All Wheel Drive,GP,Gasoline (Premium Unleaded Recommended),3000,3000,31,Small SUV 4WD,5/9/2014,517,388,459
Porsche,Macan Turbo,6,Auto(AM-S7),17,23,19,TC,Turbocharged,Automated Manual- Selectable (e.g. Automated Manual with paddles),A,All Wheel Drive,GP,Gasoline (Premium Unleaded Recommended),3000,3000,31,Small SUV 4WD,5/9/2014,537,382,467
Scion,FR-S,4,Auto(S6),25,34,28,NA,Naturally Aspirated,Semi-Automatic,R,"2-Wheel Drive, Rear",GPR,Gasoline (Premium Unleaded Required),2050,2050,2,Minicompact Cars,5/22/2014,361,264,317
Scion,FR-S,4,Manual(M6),22,30,25,NA,Naturally Aspirated,Manual,R,"2-Wheel Drive, Rear",GPR,Gasoline (Premium Unleaded Required),2300,2300,2,Minicompact Cars,5/22/2014,411,297,360
Scion,tC,4,Auto(S6),23,31,26,NA,Naturally Aspirated,Semi-Automatic,F,"2-Wheel Drive, Front",G,Gasoline (Regular Unleaded Recommended),2000,2000,4,Compact Cars,5/30/2014,384,284,339
Scion,tC,4,Manual(M6),23,31,26,NA,Naturally Aspirated,Manual,F,"2-Wheel Drive, Front",G,Gasoline (Regular Unleaded Recommended),2000,2000,4,Compact Cars,5/30/2014,381,287,339
Subaru,BRZ,4,Auto(S6),25,34,28,NA,Naturally Aspirated,Semi-Automatic,R,"2-Wheel Drive, Rear",GPR,Gasoline (Premium Unleaded Required),2050,2050,2,Minicompact Cars,4/7/2014,361,264,317
Subaru,BRZ,4,Manual(M6),22,30,25,NA,Naturally Aspirated,Manual,R,"2-Wheel Drive, Rear",GPR,Gasoline (Premium Unleaded Required),2300,2300,2,Minicompact Cars,4/7/2014,411,298,360
Subaru,WRX,4,Auto(AV-S8),19,25,21,TC,Turbocharged,Selectable Continuously Variable (e.g. CVT with paddles),A,All Wheel Drive,GP,Gasoline (Premium Unleaded Recommended),2700,2700,4,Compact Cars,1/17/2014,454,346,405
Subaru,WRX,4,Manual(M6),21,28,24,TC,Turbocharged,Manual,A,All Wheel Drive,GP,Gasoline (Premium Unleaded Recommended),2400,2400,4,Compact Cars,1/17/2014,419,313,371
Subaru,WRX,4,Manual(M6),17,23,19,TC,Turbocharged,Manual,A,All Wheel Drive,GPR,Gasoline (Premium Unleaded Required),3000,3000,4,Compact Cars,1/17/2014,520,383,458
Subaru,LEGACY,4,Auto(AV-S6),26,36,30,NA,Naturally Aspirated,Selectable Continuously Variable (e.g. CVT with paddles),A,All Wheel Drive,G,Gasoline (Regular Unleaded Recommended),1750,1750,5,Midsize Cars,6/16/2014,341,246,298
Subaru,LEGACY,6,Auto(AV-S6),20,29,23,NA,Naturally Aspirated,Selectable Continuously Variable (e.g. CVT with paddles),A,All Wheel Drive,G,Gasoline (Regular Unleaded Recommended),2300,2300,5,Midsize Cars,6/16/2014,448,308,385
Subaru,FORESTER,4,Auto(AV-S8),23,28,25,TC,Turbocharged,Selectable Continuously Variable (e.g. CVT with paddles),A,All Wheel Drive,GP,Gasoline (Premium Unleaded Recommended),2300,2300,31,Small SUV 4WD,2/3/2014,384,323,357
Subaru,FORESTER,4,Auto(AV-S6),24,32,27,NA,Naturally Aspirated,Selectable Continuously Variable (e.g. CVT with paddles),A,All Wheel Drive,G,Gasoline (Regular Unleaded Recommended),1950,1950,31,Small SUV 4WD,2/3/2014,365,283,328
Subaru,FORESTER,4,Manual(M6),22,29,25,NA,Naturally Aspirated,Manual,A,All Wheel Drive,G,Gasoline (Regular Unleaded Recommended),2100,2100,31,Small SUV 4WD,2/3/2014,404,310,362
Subaru,OUTBACK,4,Auto(AV-S6),25,33,28,NA,Naturally Aspirated,Selectable Continuously Variable (e.g. CVT with paddles),A,All Wheel Drive,G,Gasoline (Regular Unleaded Recommended),1900,1900,31,Small SUV 4WD,6/2/2014,353,269,315
Subaru,OUTBACK,6,Auto(AV-S6),20,27,22,NA,Naturally Aspirated,Selectable Continuously Variable (e.g. CVT with paddles),A,All Wheel Drive,G,Gasoline (Regular Unleaded Recommended),2400,2400,31,Small SUV 4WD,6/2/2014,453,326,396
Volkswagen,GTI,4,Auto(AM-S6),25,33,28,TC,Turbocharged,Automated Manual- Selectable (e.g. Automated Manual with paddles),F,"2-Wheel Drive, Front",GP,Gasoline (Premium Unleaded Recommended),2050,2050,4,Compact Cars,4/1/2014,358,271,319
Volkswagen,GTI,4,Manual(M6),25,34,28,TC,Turbocharged,Manual,F,"2-Wheel Drive, Front",GP,Gasoline (Premium Unleaded Recommended),2050,2050,4,Compact Cars,4/1/2014,355,258,311
Volkswagen,Passat,6,Auto(AM-S6),20,28,23,NA,Naturally Aspirated,Automated Manual- Selectable (e.g. Automated Manual with paddles),F,"2-Wheel Drive, Front",GP,Gasoline (Premium Unleaded Recommended),2500,2500,5,Midsize Cars,5/26/2014,449,319,390
Volvo,S60 AWD,5,Auto(S6),20,29,23,TC,Turbocharged,Semi-Automatic,A,All Wheel Drive,G,Gasoline (Regular Unleaded Recommended),2300,2300,4,Compact Cars,1/3/2014,432,306,375
Volvo,S60 AWD,6,Auto(S6),19,28,22,TC,Turbocharged,Semi-Automatic,A,All Wheel Drive,G,Gasoline (Regular Unleaded Recommended),2400,2400,4,Compact Cars,1/3/2014,461,317,396
Volvo,S60 FWD,4,Auto(S8),25,37,29,TC,Turbocharged,Semi-Automatic,F,"2-Wheel Drive, Front",G,Gasoline (Regular Unleaded Recommended),1800,1800,4,Compact Cars,1/3/2014,357,243,306
Volvo,S60 FWD,4,Auto(S8),24,35,28,TS,Turbocharged+Supercharged,Semi-Automatic,F,"2-Wheel Drive, Front",GPR,Gasoline (Premium Unleaded Required),2050,2050,4,Compact Cars,1/3/2014,377,257,323
Volvo,S60 PoleStar AWD,6,Auto(S6),18,27,21,TC,Turbocharged,Semi-Automatic,A,All Wheel Drive,G,Gasoline (Regular Unleaded Recommended),2500,2500,4,Compact Cars,5/2/2014,478,323,408
Volvo,S80 AWD,6,Auto(S6),19,28,22,TC,Turbocharged,Semi-Automatic,A,All Wheel Drive,G,Gasoline (Regular Unleaded Recommended),2400,2400,5,Midsize Cars,1/3/2014,461,317,396
Volvo,S80 FWD,4,Auto(S8),25,37,29,TC,Turbocharged,Semi-Automatic,F,"2-Wheel Drive, Front",G,Gasoline (Regular Unleaded Recommended),1800,1800,5,Midsize Cars,1/3/2014,357,243,306
Volvo,V60 AWD,5,Auto(S6),20,29,23,TC,Turbocharged,Semi-Automatic,A,All Wheel Drive,G,Gasoline (Regular Unleaded Recommended),2300,2300,7,Small Station Wagons,1/3/2014,432,306,375
Volvo,V60 AWD,6,Auto(S6),19,28,22,TC,Turbocharged,Semi-Automatic,A,All Wheel Drive,G,Gasoline (Regular Unleaded Recommended),2400,2400,7,Small Station Wagons,1/3/2014,461,317,396
Volvo,V60 FWD,4,Auto(S8),25,37,29,TC,Turbocharged,Semi-Automatic,F,"2-Wheel Drive, Front",G,Gasoline (Regular Unleaded Recommended),1800,1800,7,Small Station Wagons,1/3/2014,357,243,306
Volvo,V60 PoleStar AWD,6,Auto(S6),18,27,21,TC,Turbocharged,Semi-Automatic,A,All Wheel Drive,G,Gasoline (Regular Unleaded Recommended),2500,2500,7,Small Station Wagons,5/2/2014,478,323,408
Volvo,XC60 FWD,4,Auto(S8),24,31,27,TC,Turbocharged,Semi-Automatic,F,"2-Wheel Drive, Front",G,Gasoline (Regular Unleaded Recommended),1950,1950,30,Small SUV 2WD,1/3/2014,371,287,333
Volvo,XC60 FWD,4,Auto(S8),22,30,25,TS,Turbocharged+Supercharged,Semi-Automatic,F,"2-Wheel Drive, Front",GPR,Gasoline (Premium Unleaded Required),2300,2300,30,Small SUV 2WD,1/3/2014,407,293,356
Volvo,XC70 FWD,4,Auto(S8),24,31,27,TC,Turbocharged,Semi-Automatic,F,"2-Wheel Drive, Front",G,Gasoline (Regular Unleaded Recommended),1950,1950,30,Small SUV 2WD,1/3/2014,371,287,333
Volvo,XC60 AWD,5,Auto(S6),18,25,21,TC,Turbocharged,Semi-Automatic,A,All Wheel Drive,G,Gasoline (Regular Unleaded Recommended),2500,2500,31,Small SUV 4WD,6/2/2014,481,346,420
Volvo,XC60 AWD,6,Auto(S6),17,24,20,TC,Turbocharged,Semi-Automatic,A,All Wheel Drive,G,Gasoline (Regular Unleaded Recommended),2600,2600,31,Small SUV 4WD,1/3/2014,496,358,434
Volvo,XC60 AWD,6,Auto(S6),18,25,20,NA,Naturally Aspirated,Semi-Automatic,A,All Wheel Drive,G,Gasoline (Regular Unleaded Recommended),2600,2600,31,Small SUV 4WD,1/3/2014,492,352,429
Volvo,XC70 AWD,6,Auto(S6),17,24,20,TC,Turbocharged,Semi-Automatic,A,All Wheel Drive,G,Gasoline (Regular Unleaded Recommended),2600,2600,31,Small SUV 4WD,1/3/2014,496,358,434
Volvo,XC70 AWD,6,Auto(S6),18,25,21,NA,Naturally Aspirated,Semi-Automatic,A,All Wheel Drive,G,Gasoline (Regular Unleaded Recommended),2500,2500,31,Small SUV 4WD,1/3/2014,482,343,420
